frame,time_sec,Thumb_MCP,Thumb_PIP,Thumb_DIP,Index_MCP,Index_PIP,Index_DIP,Middle_MCP,Middle_PIP,Middle_DIP,Ring_MCP,Ring_PIP,Ring_DIP,Pinky_MCP,Pinky_PIP,Pinky_DIP
0,0.0,,,,,,,,,,,,,,,
1,0.033366700033366704,,,,,,,,,,,,,,,
2,0.06673340006673341,,,,,,,,,,,,,,,
3,0.1001001001001001,,,,,,,,,,,,,,,
4,0.13346680013346682,,,,,,,,,,,,,,,
5,0.16683350016683351,,,,,,,,,,,,,,,
6,0.2002002002002002,,,,,,,,,,,,,,,
7,0.2335669002335669,,,,,,,,,,,,,,,
8,0.26693360026693363,,,,,,,,,,,,,,,
9,0.3003003003003003,,,,,,,,,,,,,,,
10,0.33366700033366703,,,,,,,,,,,,,,,
11,0.3670337003670337,,,,,,,,,,,,,,,
12,0.4004004004004004,,,,,,,,,,,,,,,
13,0.4337671004337671,,,,,,,,,,,,,,,
14,0.4671338004671338,,,,,,,,,,,,,,,
15,0.5005005005005005,,,,,,,,,,,,,,,
16,0.5338672005338673,,,,,,,,,,,,,,,
17,0.5672339005672339,,,,,,,,,,,,,,,
18,0.6006006006006006,,,,,,,,,,,,,,,
19,0.6339673006339673,,,,,,,,,,,,,,,
20,0.6673340006673341,,,,,,,,,,,,,,,
21,0.7007007007007007,,,,,,,,,,,,,,,
22,0.7340674007340674,,,,,,,,,,,,,,,
23,0.7674341007674341,,,,,,,,,,,,,,,
24,0.8008008008008008,,,,,,,,,,,,,,,
25,0.8341675008341676,,,,,,,,,,,,,,,
26,0.8675342008675342,,,,,,,,,,,,,,,
27,0.9009009009009009,,,,,,,,,,,,,,,
28,0.9342676009342676,,,,,,,,,,,,,,,
29,0.9676343009676344,,,,,,,,,,,,,,,
30,1.001001001001001,,,,,,,,,,,,,,,
31,1.0343677010343677,,,,,,,,,,,,,,,
32,1.0677344010677345,,,,,,,,,,,,,,,
33,1.1011011011011012,,,,,,,,,,,,,,,
34,1.1344678011344678,,,,,,,,,,,,,,,
35,1.1678345011678346,,,,,,,,,,,,,,,
36,1.2012012012012012,,,,,,,,,,,,,,,
37,1.234567901234568,,,,,,,,,,,,,,,
38,1.2679346012679347,,,,,,,,,,,,,,,
39,1.3013013013013013,,,,,,,,,,,,,,,
40,1.3346680013346681,,,,,,,,,,,,,,,
41,1.3680347013680347,,,,,,,,,,,,,,,
42,1.4014014014014013,,,,,,,,,,,,,,,
43,1.4347681014347682,,,,,,,,,,,,,,,
44,1.4681348014681348,,,,,,,,,,,,,,,
45,1.5015015015015016,,,,,,,,,,,,,,,
46,1.5348682015348682,,,,,,,,,,,,,,,
47,1.5682349015682349,,,,,,,,,,,,,,,
48,1.6016016016016017,,,,,,,,,,,,,,,
49,1.6349683016349683,159.6558987440816,178.05851360908565,163.14160123226173,87.8524145717015,111.80140948635182,135.0,37.73675525941543,147.652556500558,146.30993247402023,25.801152716148003,170.2724214485984,150.2551187030578,19.653824058053313,160.3461759419467,150.2551187030578
50,1.6683350016683351,147.33908727832622,175.42607874009911,175.60129464500443,97.1250163489018,56.309932474020215,149.03624346792648,66.03751102542181,26.565051177077994,167.4711922908485,66.80140948635182,63.43494882292201,130.6012946450045,57.339087278326204,99.46232220802563,108.43494882292201
51,1.7017017017017018,,,,,,,,,,,,,,,
52,1.7350684017350684,,,,,,,,,,,,,,,
53,1.7684351017684352,,,,,,,,,,,,,,,
54,1.8018018018018018,,,,,,,,,,,,,,,
55,1.8351685018351687,,,,,,,,,,,,,,,
56,1.8685352018685353,,,,,,,,,,,,,,,
57,1.901901901901902,,,,,,,,,,,,,,,
58,1.9352686019352687,,,,,,,,,,,,,,,
59,1.9686353019686353,,,,,,,,,,,,,,,
60,2.002002002002002,,,,,,,,,,,,,,,
61,2.0353687020353686,,,,,,,,,,,,,,,
62,2.0687354020687354,,,,,,,,,,,,,,,
63,2.1021021021021022,,,,,,,,,,,,,,,
64,2.135468802135469,,,,,,,,,,,,,,,
65,2.1688355021688355,,,,,,,,,,,,,,,
66,2.2022022022022023,,,,,,,,,,,,,,,
67,2.235568902235569,,,,,,,,,,,,,,,
68,2.2689356022689355,,,,,,,,,,,,,,,
69,2.3023023023023024,,,,,,,,,,,,,,,
70,2.335669002335669,,,,,,,,,,,,,,,
71,2.3690357023690356,,,,,,,,,,,,,,,
72,2.4024024024024024,,,,,,,,,,,,,,,
73,2.4357691024357693,,,,,,,,,,,,,,,
74,2.469135802469136,,,,,,,,,,,,,,,
75,2.5025025025025025,,,,,,,,,,,,,,,
76,2.5358692025358693,,,,,,,,,,,,,,,
77,2.569235902569236,,,,,,,,,,,,,,,
78,2.6026026026026026,,,,,,,,,,,,,,,
79,2.6359693026359694,,,,,,,,,,,,,,,
80,2.6693360026693362,,,,,,,,,,,,,,,
81,2.7027027027027026,,,,,,,,,,,,,,,
82,2.7360694027360695,,,,,,,,,,,,,,,
83,2.7694361027694363,,,,,,,,,,,,,,,
84,2.8028028028028027,,,,,,,,,,,,,,,
85,2.8361695028361695,,,,,,,,,,,,,,,
86,2.8695362028695364,,,,,,,,,,,,,,,
87,2.902902902902903,,,,,,,,,,,,,,,
88,2.9362696029362696,,,,,,,,,,,,,,,
89,2.9696363029696364,,,,,,,,,,,,,,,
90,3.0030030030030033,,,,,,,,,,,,,,,
91,3.0363697030363697,,,,,,,,,,,,,,,
92,3.0697364030697365,,,,,,,,,,,,,,,
93,3.1031031031031033,,,,,,,,,,,,,,,
94,3.1364698031364697,,,,,,,,,,,,,,,
95,3.1698365031698366,,,,,,,,,,,,,,,
96,3.2032032032032034,,,,,,,,,,,,,,,
97,3.2365699032365702,,,,,,,,,,,,,,,
98,3.2699366032699366,,,,,,,,,,,,,,,
99,3.3033033033033035,,,,,,,,,,,,,,,
100,3.3366700033366703,,,,,,,,,,,,,,,
101,3.3700367033700367,,,,,,,,,,,,,,,
102,3.4034034034034035,,,,,,,,,,,,,,,
103,3.4367701034367704,,,,,,,,,,,,,,,
104,3.4701368034701368,,,,,,,,,,,,,,,
105,3.5035035035035036,,,,,,,,,,,,,,,
106,3.5368702035368704,,,,,,,,,,,,,,,
107,3.570236903570237,,,,,,,,,,,,,,,
108,3.6036036036036037,,,,,,,,,,,,,,,
109,3.6369703036369705,,,,,,,,,,,,,,,
110,3.6703370036703373,,,,,,,,,,,,,,,
111,3.7037037037037037,,,,,,,,,,,,,,,
112,3.7370704037370706,,,,,,,,,,,,,,,
113,3.7704371037704374,,,,,,,,,,,,,,,
114,3.803803803803804,,,,,,,,,,,,,,,
115,3.8371705038371706,,,,,,,,,,,,,,,
116,3.8705372038705375,,,,,,,,,,,,,,,
117,3.903903903903904,,,,,,,,,,,,,,,
118,3.9372706039372707,,,,,,,,,,,,,,,
119,3.9706373039706375,,,,,,,,,,,,,,,
120,4.004004004004004,,,,,,,,,,,,,,,
121,4.037370704037371,,,,,,,,,,,,,,,
122,4.070737404070737,,,,,,,,,,,,,,,
123,4.104104104104104,,,,,,,,,,,,,,,
124,4.137470804137471,,,,,,,,,,,,,,,
125,4.170837504170838,,,,,,,,,,,,,,,
126,4.2042042042042045,,,,,,,,,,,,,,,
127,4.237570904237571,,,,,,,,,,,,,,,
128,4.270937604270938,,,,,,,,,,,,,,,
129,4.3043043043043046,,,,,,,,,,,,,,,
130,4.337671004337671,,,,,,,,,,,,,,,
131,4.371037704371038,,,,,,,,,,,,,,,
132,4.404404404404405,,,,,,,,,,,,,,,
133,4.437771104437771,,,,,,,,,,,,,,,
134,4.471137804471138,,,,,,,,,,,,,,,
135,4.504504504504505,,,,,,,,,,,,,,,
136,4.537871204537871,,,,,,,,,,,,,,,
137,4.571237904571238,,,,,,,,,,,,,,,
138,4.604604604604605,,,,,,,,,,,,,,,
139,4.637971304637971,,,,,,,,,,,,,,,
140,4.671338004671338,,,,,,,,,,,,,,,
141,4.704704704704705,,,,,,,,,,,,,,,
142,4.738071404738071,,,,,,,,,,,,,,,
143,4.7714381047714385,,,,,,,,,,,,,,,
144,4.804804804804805,,,,,,,,,,,,,,,
145,4.838171504838171,,,,,,,,,,,,,,,
146,4.8715382048715385,,,,,,,,,,,,,,,
147,4.904904904904905,,,,,,,,,,,,,,,
148,4.938271604938272,,,,,,,,,,,,,,,
149,4.971638304971639,,,,,,,,,,,,,,,
150,5.005005005005005,,,,,,,,,,,,,,,
151,5.038371705038372,,,,,,,,,,,,,,,
152,5.071738405071739,,,,,,,,,,,,,,,
153,5.105105105105105,,,,,,,,,,,,,,,
154,5.138471805138472,,,,,,,,,,,,,,,
155,5.171838505171839,,,,,,,,,,,,,,,
156,5.205205205205205,,,,,,,,,,,,,,,
157,5.238571905238572,,,,,,,,,,,,,,,
158,5.271938605271939,,,,,,,,,,,,,,,
159,5.305305305305305,,,,,,,,,,,,,,,
160,5.3386720053386725,,,,,,,,,,,,,,,
161,5.372038705372039,,,,,,,,,,,,,,,
162,5.405405405405405,,,,,,,,,,,,,,,
163,5.4387721054387725,,,,,,,,,,,,,,,
164,5.472138805472139,,,,,,,,,,,,,,,
165,5.505505505505505,,,,,,,,,,,,,,,
166,5.538872205538873,,,,,,,,,,,,,,,
167,5.572238905572239,,,,,,,,,,,,,,,
168,5.605605605605605,,,,,,,,,,,,,,,
169,5.638972305638973,,,,,,,,,,,,,,,
170,5.672339005672339,,,,,,,,,,,,,,,
171,5.705705705705706,,,,,,,,,,,,,,,
172,5.739072405739073,,,,,,,,,,,,,,,
173,5.772439105772439,,,,,,,,,,,,,,,
174,5.805805805805806,,,,,,,,,,,,,,,
175,5.839172505839173,,,,,,,,,,,,,,,
176,5.872539205872539,,,,,,,,,,,,,,,
177,5.9059059059059065,,,,,,,,,,,,,,,
178,5.939272605939273,,,,,,,,,,,,,,,
179,5.972639305972639,,,,,,,,,,,,,,,
180,6.0060060060060065,,,,,,,,,,,,,,,
181,6.039372706039373,,,,,,,,,,,,,,,
182,6.072739406072739,,,,,,,,,,,,,,,
183,6.106106106106107,,,,,,,,,,,,,,,
184,6.139472806139473,,,,,,,,,,,,,,,
185,6.172839506172839,,,,,,,,,,,,,,,
186,6.206206206206207,,,,,,,,,,,,,,,
187,6.239572906239573,,,,,,,,,,,,,,,
188,6.2729396062729395,,,,,,,,,,,,,,,
189,6.306306306306307,,,,,,,,,,,,,,,
190,6.339673006339673,,,,,,,,,,,,,,,
191,6.3730397063730395,,,,,,,,,,,,,,,
192,6.406406406406407,,,,,,,,,,,,,,,
193,6.439773106439773,,,,,,,,,,,,,,,
194,6.4731398064731405,,,,,,,,,,,,,,,
195,6.506506506506507,,,,,,,,,,,,,,,
196,6.539873206539873,,,,,,,,,,,,,,,
197,6.5732399065732405,,,,,,,,,,,,,,,
198,6.606606606606607,,,,,,,,,,,,,,,
199,6.639973306639973,,,,,,,,,,,,,,,
200,6.673340006673341,,,,,,,,,,,,,,,
201,6.706706706706707,168.49226930308717,168.6078641684473,178.58557678859793,14.036243467926484,171.67434966957325,177.58049078334355,4.108112177135841,170.53767779197443,172.87498365109823,6.190420952672201,175.23635830927378,171.869897645844,9.782407031807248,180.0,168.6900675259798
202,6.740073406740073,,,,,,,,,,,,,,,
203,6.773440106773441,,,,,,,,,,,,,,,
204,6.806806806806807,,,,,,,,,,,,,,,
205,6.8401735068401734,,,,,,,,,,,,,,,
206,6.873540206873541,,,,,,,,,,,,,,,
207,6.906906906906907,,,,,,,,,,,,,,,
208,6.9402736069402735,,,,,,,,,,,,,,,
209,6.973640306973641,,,,,,,,,,,,,,,
210,7.007007007007007,,,,,,,,,,,,,,,
211,7.040373707040374,,,,,,,,,,,,,,,
212,7.073740407073741,,,,,,,,,,,,,,,
213,7.107107107107107,,,,,,,,,,,,,,,
214,7.140473807140474,,,,,,,,,,,,,,,
215,7.173840507173841,,,,,,,,,,,,,,,
216,7.207207207207207,,,,,,,,,,,,,,,
217,7.240573907240575,,,,,,,,,,,,,,,
218,7.273940607273941,,,,,,,,,,,,,,,
219,7.307307307307307,,,,,,,,,,,,,,,
220,7.340674007340675,,,,,,,,,,,,,,,
221,7.374040707374041,,,,,,,,,,,,,,,
222,7.407407407407407,,,,,,,,,,,,,,,
223,7.440774107440775,,,,,,,,,,,,,,,
224,7.474140807474141,,,,,,,,,,,,,,,
225,7.5075075075075075,,,,,,,,,,,,,,,
226,7.540874207540875,,,,,,,,,,,,,,,
227,7.574240907574241,,,,,,,,,,,,,,,
228,7.607607607607608,,,,,,,,,,,,,,,
229,7.640974307640975,,,,,,,,,,,,,,,
230,7.674341007674341,,,,,,,,,,,,,,,
231,7.707707707707708,,,,,,,,,,,,,,,
232,7.741074407741075,,,,,,,,,,,,,,,
233,7.774441107774441,,,,,,,,,,,,,,,
234,7.807807807807808,,,,,,,,,,,,,,,
235,7.841174507841175,,,,,,,,,,,,,,,
236,7.874541207874541,,,,,,,,,,,,,,,
237,7.907907907907909,,,,,,,,,,,,,,,
238,7.941274607941275,,,,,,,,,,,,,,,
239,7.974641307974641,,,,,,,,,,,,,,,
240,8.008008008008009,,,,,,,,,,,,,,,
241,8.041374708041374,,,,,,,,,,,,,,,
242,8.074741408074741,,,,,,,,,,,,,,,
243,8.108108108108109,,,,,,,,,,,,,,,
244,8.141474808141474,,,,,,,,,,,,,,,
245,8.174841508174842,,,,,,,,,,,,,,,
246,8.208208208208209,,,,,,,,,,,,,,,
247,8.241574908241574,,,,,,,,,,,,,,,
248,8.274941608274942,,,,,,,,,,,,,,,
249,8.308308308308309,,,,,,,,,,,,,,,
250,8.341675008341676,,,,,,,,,,,,,,,
251,8.375041708375042,,,,,,,,,,,,,,,
252,8.408408408408409,,,,,,,,,,,,,,,
253,8.441775108441776,,,,,,,,,,,,,,,
254,8.475141808475142,,,,,,,,,,,,,,,
255,8.508508508508509,,,,,,,,,,,,,,,
256,8.541875208541876,,,,,,,,,,,,,,,
257,8.575241908575242,,,,,,,,,,,,,,,
258,8.608608608608609,,,,,,,,,,,,,,,
259,8.641975308641976,,,,,,,,,,,,,,,
260,8.675342008675342,,,,,,,,,,,,,,,
261,8.70870870870871,,,,,,,,,,,,,,,
262,8.742075408742076,,,,,,,,,,,,,,,
263,8.775442108775442,,,,,,,,,,,,,,,
264,8.80880880880881,,,,,,,,,,,,,,,
265,8.842175508842177,,,,,,,,,,,,,,,
266,8.875542208875542,,,,,,,,,,,,,,,
267,8.90890890890891,,,,,,,,,,,,,,,
268,8.942275608942277,,,,,,,,,,,,,,,
269,8.975642308975642,,,,,,,,,,,,,,,
270,9.00900900900901,,,,,,,,,,,,,,,
271,9.042375709042377,,,,,,,,,,,,,,,
272,9.075742409075742,,,,,,,,,,,,,,,
273,9.10910910910911,,,,,,,,,,,,,,,
274,9.142475809142477,,,,,,,,,,,,,,,
275,9.175842509175842,,,,,,,,,,,,,,,
276,9.20920920920921,,,,,,,,,,,,,,,
277,9.242575909242577,,,,,,,,,,,,,,,
278,9.275942609275942,,,,,,,,,,,,,,,
279,9.30930930930931,,,,,,,,,,,,,,,
280,9.342676009342677,,,,,,,,,,,,,,,
281,9.376042709376042,,,,,,,,,,,,,,,
282,9.40940940940941,,,,,,,,,,,,,,,
283,9.442776109442777,,,,,,,,,,,,,,,
284,9.476142809476142,,,,,,,,,,,,,,,
285,9.50950950950951,,,,,,,,,,,,,,,
286,9.542876209542877,,,,,,,,,,,,,,,
287,9.576242909576242,,,,,,,,,,,,,,,
288,9.60960960960961,,,,,,,,,,,,,,,
289,9.642976309642977,,,,,,,,,,,,,,,
290,9.676343009676343,,,,,,,,,,,,,,,
291,9.70970970970971,,,,,,,,,,,,,,,
292,9.743076409743077,,,,,,,,,,,,,,,
293,9.776443109776443,,,,,,,,,,,,,,,
294,9.80980980980981,,,,,,,,,,,,,,,
295,9.843176509843177,,,,,,,,,,,,,,,
296,9.876543209876544,,,,,,,,,,,,,,,
297,9.90990990990991,,,,,,,,,,,,,,,
298,9.943276609943277,,,,,,,,,,,,,,,
299,9.976643309976645,,,,,,,,,,,,,,,
300,10.01001001001001,,,,,,,,,,,,,,,
301,10.043376710043377,,,,,,,,,,,,,,,
302,10.076743410076745,,,,,,,,,,,,,,,
303,10.11011011011011,,,,,,,,,,,,,,,
304,10.143476810143477,,,,,,,,,,,,,,,
305,10.176843510176845,,,,,,,,,,,,,,,
306,10.21021021021021,,,,,,,,,,,,,,,
307,10.243576910243577,,,,,,,,,,,,,,,
308,10.276943610276945,,,,,,,,,,,,,,,
309,10.31031031031031,,,,,,,,,,,,,,,
310,10.343677010343677,,,,,,,,,,,,,,,
311,10.377043710377045,,,,,,,,,,,,,,,
312,10.41041041041041,,,,,,,,,,,,,,,
313,10.443777110443778,,,,,,,,,,,,,,,
314,10.477143810477145,,,,,,,,,,,,,,,
315,10.51051051051051,,,,,,,,,,,,,,,
316,10.543877210543878,,,,,,,,,,,,,,,
317,10.577243910577245,,,,,,,,,,,,,,,
318,10.61061061061061,,,,,,,,,,,,,,,
319,10.643977310643978,,,,,,,,,,,,,,,
320,10.677344010677345,,,,,,,,,,,,,,,
321,10.71071071071071,,,,,,,,,,,,,,,
322,10.744077410744078,,,,,,,,,,,,,,,
323,10.777444110777445,,,,,,,,,,,,,,,
324,10.81081081081081,,,,,,,,,,,,,,,
325,10.844177510844178,,,,,,,,,,,,,,,
326,10.877544210877545,,,,,,,,,,,,,,,
327,10.91091091091091,,,,,,,,,,,,,,,
328,10.944277610944278,,,,,,,,,,,,,,,
329,10.977644310977645,,,,,,,,,,,,,,,
330,11.01101101101101,,,,,,,,,,,,,,,
331,11.044377711044378,,,,,,,,,,,,,,,
332,11.077744411077745,,,,,,,,,,,,,,,
333,11.11111111111111,,,,,,,,,,,,,,,
334,11.144477811144478,,,,,,,,,,,,,,,
335,11.177844511177845,,,,,,,,,,,,,,,
336,11.21121121121121,,,,,,,,,,,,,,,
337,11.244577911244578,,,,,,,,,,,,,,,
338,11.277944611277945,,,,,,,,,,,,,,,
339,11.311311311311313,,,,,,,,,,,,,,,
340,11.344678011344678,,,,,,,,,,,,,,,
341,11.378044711378045,,,,,,,,,,,,,,,
342,11.411411411411413,,,,,,,,,,,,,,,
343,11.444778111444778,,,,,,,,,,,,,,,
344,11.478144811478145,,,,,,,,,,,,,,,
345,11.511511511511513,,,,,,,,,,,,,,,
346,11.544878211544878,,,,,,,,,,,,,,,
347,11.578244911578246,,,,,,,,,,,,,,,
348,11.611611611611613,,,,,,,,,,,,,,,
349,11.644978311644978,,,,,,,,,,,,,,,
350,11.678345011678346,,,,,,,,,,,,,,,
351,11.711711711711713,,,,,,,,,,,,,,,
352,11.745078411745078,,,,,,,,,,,,,,,
353,11.778445111778446,,,,,,,,,,,,,,,
354,11.811811811811813,,,,,,,,,,,,,,,
355,11.845178511845178,,,,,,,,,,,,,,,
356,11.878545211878546,,,,,,,,,,,,,,,
357,11.911911911911913,,,,,,,,,,,,,,,
358,11.945278611945279,,,,,,,,,,,,,,,
359,11.978645311978646,,,,,,,,,,,,,,,
360,12.012012012012013,,,,,,,,,,,,,,,
361,12.045378712045379,,,,,,,,,,,,,,,
362,12.078745412078746,,,,,,,,,,,,,,,
363,12.112112112112113,,,,,,,,,,,,,,,
364,12.145478812145479,,,,,,,,,,,,,,,
365,12.178845512178846,,,,,,,,,,,,,,,
366,12.212212212212213,,,,,,,,,,,,,,,
367,12.245578912245579,,,,,,,,,,,,,,,
368,12.278945612278946,,,,,,,,,,,,,,,
369,12.312312312312313,,,,,,,,,,,,,,,
370,12.345679012345679,,,,,,,,,,,,,,,
371,12.379045712379046,,,,,,,,,,,,,,,
372,12.412412412412413,,,,,,,,,,,,,,,
373,12.445779112445779,,,,,,,,,,,,,,,
374,12.479145812479146,,,,,,,,,,,,,,,
375,12.512512512512513,,,,,,,,,,,,,,,
376,12.545879212545879,,,,,,,,,,,,,,,
377,12.579245912579246,,,,,,,,,,,,,,,
378,12.612612612612613,,,,,,,,,,,,,,,
379,12.645979312645979,,,,,,,,,,,,,,,
380,12.679346012679346,,,,,,,,,,,,,,,
381,12.712712712712714,,,,,,,,,,,,,,,
382,12.746079412746079,,,,,,,,,,,,,,,
383,12.779446112779446,,,,,,,,,,,,,,,
384,12.812812812812814,,,,,,,,,,,,,,,
385,12.84617951284618,,,,,,,,,,,,,,,
386,12.879546212879546,,,,,,,,,,,,,,,
387,12.912912912912914,,,,,,,,,,,,,,,
388,12.946279612946281,,,,,,,,,,,,,,,
389,12.979646312979646,,,,,,,,,,,,,,,
390,13.013013013013014,,,,,,,,,,,,,,,
391,13.046379713046381,,,,,,,,,,,,,,,
392,13.079746413079747,,,,,,,,,,,,,,,
393,13.113113113113114,,,,,,,,,,,,,,,
394,13.146479813146481,,,,,,,,,,,,,,,
395,13.179846513179847,,,,,,,,,,,,,,,
396,13.213213213213214,,,,,,,,,,,,,,,
397,13.246579913246581,,,,,,,,,,,,,,,
398,13.279946613279947,,,,,,,,,,,,,,,
399,13.313313313313314,,,,,,,,,,,,,,,
400,13.346680013346681,,,,,,,,,,,,,,,
401,13.380046713380047,,,,,,,,,,,,,,,
402,13.413413413413414,,,,,,,,,,,,,,,
403,13.446780113446781,,,,,,,,,,,,,,,
404,13.480146813480147,,,,,,,,,,,,,,,
405,13.513513513513514,,,,,,,,,,,,,,,
406,13.546880213546881,,,,,,,,,,,,,,,
407,13.580246913580247,,,,,,,,,,,,,,,
408,13.613613613613614,,,,,,,,,,,,,,,
409,13.646980313646981,,,,,,,,,,,,,,,
410,13.680347013680347,,,,,,,,,,,,,,,
411,13.713713713713714,,,,,,,,,,,,,,,
412,13.747080413747081,,,,,,,,,,,,,,,
413,13.780447113780447,,,,,,,,,,,,,,,
414,13.813813813813814,,,,,,,,,,,,,,,
415,13.847180513847182,,,,,,,,,,,,,,,
416,13.880547213880547,,,,,,,,,,,,,,,
417,13.913913913913914,,,,,,,,,,,,,,,
418,13.947280613947282,,,,,,,,,,,,,,,
419,13.980647313980647,,,,,,,,,,,,,,,
420,14.014014014014014,,,,,,,,,,,,,,,
421,14.047380714047382,,,,,,,,,,,,,,,
422,14.080747414080747,,,,,,,,,,,,,,,
423,14.114114114114114,,,,,,,,,,,,,,,
424,14.147480814147482,,,,,,,,,,,,,,,
425,14.180847514180847,,,,,,,,,,,,,,,
426,14.214214214214214,,,,,,,,,,,,,,,
427,14.247580914247582,,,,,,,,,,,,,,,
428,14.280947614280947,,,,,,,,,,,,,,,
429,14.314314314314315,,,,,,,,,,,,,,,
430,14.347681014347682,,,,,,,,,,,,,,,
431,14.38104771438105,,,,,,,,,,,,,,,
432,14.414414414414415,,,,,,,,,,,,,,,
433,14.447781114447782,,,,,,,,,,,,,,,
434,14.48114781448115,,,,,,,,,,,,,,,
435,14.514514514514515,,,,,,,,,,,,,,,
436,14.547881214547882,,,,,,,,,,,,,,,
437,14.58124791458125,,,,,,,,,,,,,,,
438,14.614614614614615,,,,,,,,,,,,,,,
439,14.647981314647982,,,,,,,,,,,,,,,
440,14.68134801468135,,,,,,,,,,,,,,,
441,14.714714714714715,,,,,,,,,,,,,,,
442,14.748081414748082,,,,,,,,,,,,,,,
443,14.78144811478145,,,,,,,,,,,,,,,
444,14.814814814814815,,,,,,,,,,,,,,,
445,14.848181514848182,,,,,,,,,,,,,,,
446,14.88154821488155,,,,,,,,,,,,,,,
447,14.914914914914915,,,,,,,,,,,,,,,
448,14.948281614948282,,,,,,,,,,,,,,,
449,14.98164831498165,,,,,,,,,,,,,,,
450,15.015015015015015,,,,,,,,,,,,,,,
451,15.048381715048382,,,,,,,,,,,,,,,
452,15.08174841508175,,,,,,,,,,,,,,,
453,15.115115115115115,,,,,,,,,,,,,,,
454,15.148481815148482,,,,,,,,,,,,,,,
455,15.18184851518185,,,,,,,,,,,,,,,
456,15.215215215215215,,,,,,,,,,,,,,,
457,15.248581915248582,,,,,,,,,,,,,,,
458,15.28194861528195,,,,,,,,,,,,,,,
459,15.315315315315315,,,,,,,,,,,,,,,
460,15.348682015348682,,,,,,,,,,,,,,,
461,15.38204871538205,,,,,,,,,,,,,,,
462,15.415415415415415,,,,,,,,,,,,,,,
463,15.448782115448783,,,,,,,,,,,,,,,
464,15.48214881548215,,,,,,,,,,,,,,,
465,15.515515515515515,,,,,,,,,,,,,,,
466,15.548882215548883,,,,,,,,,,,,,,,
467,15.58224891558225,,,,,,,,,,,,,,,
468,15.615615615615615,,,,,,,,,,,,,,,
469,15.648982315648983,,,,,,,,,,,,,,,
470,15.68234901568235,,,,,,,,,,,,,,,
471,15.715715715715715,,,,,,,,,,,,,,,
472,15.749082415749083,,,,,,,,,,,,,,,
473,15.78244911578245,,,,,,,,,,,,,,,
474,15.815815815815817,,,,,,,,,,,,,,,
475,15.849182515849183,,,,,,,,,,,,,,,
476,15.88254921588255,,,,,,,,,,,,,,,
477,15.915915915915917,,,,,,,,,,,,,,,
478,15.949282615949283,,,,,,,,,,,,,,,
479,15.98264931598265,,,,,,,,,,,,,,,
480,16.016016016016017,,,,,,,,,,,,,,,
481,16.049382716049383,,,,,,,,,,,,,,,
482,16.08274941608275,,,,,,,,,,,,,,,
483,16.116116116116117,,,,,,,,,,,,,,,
484,16.149482816149483,,,,,,,,,,,,,,,
485,16.18284951618285,,,,,,,,,,,,,,,
486,16.216216216216218,,,,,,,,,,,,,,,
487,16.249582916249583,,,,,,,,,,,,,,,
488,16.28294961628295,,,,,,,,,,,,,,,
489,16.316316316316318,,,,,,,,,,,,,,,
490,16.349683016349683,,,,,,,,,,,,,,,
491,16.38304971638305,,,,,,,,,,,,,,,
492,16.416416416416418,,,,,,,,,,,,,,,
493,16.449783116449783,,,,,,,,,,,,,,,
494,16.48314981648315,,,,,,,,,,,,,,,
495,16.516516516516518,,,,,,,,,,,,,,,
496,16.549883216549883,,,,,,,,,,,,,,,
497,16.583249916583252,,,,,,,,,,,,,,,
498,16.616616616616618,,,,,,,,,,,,,,,
499,16.649983316649983,,,,,,,,,,,,,,,
500,16.683350016683352,,,,,,,,,,,,,,,
501,16.716716716716718,,,,,,,,,,,,,,,
502,16.750083416750083,,,,,,,,,,,,,,,
503,16.783450116783452,,,,,,,,,,,,,,,
504,16.816816816816818,,,,,,,,,,,,,,,
505,16.850183516850183,,,,,,,,,,,,,,,
506,16.883550216883553,,,,,,,,,,,,,,,
507,16.916916916916918,,,,,,,,,,,,,,,
508,16.950283616950284,,,,,,,,,,,,,,,
509,16.983650316983653,,,,,,,,,,,,,,,
510,17.017017017017018,,,,,,,,,,,,,,,
511,17.050383717050384,,,,,,,,,,,,,,,
512,17.083750417083753,,,,,,,,,,,,,,,
513,17.117117117117118,,,,,,,,,,,,,,,
514,17.150483817150484,,,,,,,,,,,,,,,
515,17.183850517183853,,,,,,,,,,,,,,,
516,17.217217217217218,,,,,,,,,,,,,,,
517,17.250583917250584,,,,,,,,,,,,,,,
518,17.283950617283953,,,,,,,,,,,,,,,
519,17.31731731731732,,,,,,,,,,,,,,,
520,17.350684017350684,,,,,,,,,,,,,,,
521,17.384050717384053,,,,,,,,,,,,,,,
522,17.41741741741742,,,,,,,,,,,,,,,
523,17.450784117450784,,,,,,,,,,,,,,,
524,17.484150817484153,,,,,,,,,,,,,,,
525,17.51751751751752,,,,,,,,,,,,,,,
526,17.550884217550884,,,,,,,,,,,,,,,
527,17.584250917584253,,,,,,,,,,,,,,,
528,17.61761761761762,,,,,,,,,,,,,,,
529,17.650984317650984,,,,,,,,,,,,,,,
530,17.684351017684353,,,,,,,,,,,,,,,
531,17.71771771771772,,,,,,,,,,,,,,,
532,17.751084417751084,,,,,,,,,,,,,,,
533,17.784451117784453,,,,,,,,,,,,,,,
534,17.81781781781782,,,,,,,,,,,,,,,
535,17.851184517851184,,,,,,,,,,,,,,,
536,17.884551217884553,,,,,,,,,,,,,,,
537,17.91791791791792,,,,,,,,,,,,,,,
538,17.951284617951284,,,,,,,,,,,,,,,
539,17.984651317984653,,,,,,,,,,,,,,,
540,18.01801801801802,,,,,,,,,,,,,,,
541,18.051384718051384,,,,,,,,,,,,,,,
542,18.084751418084753,,,,,,,,,,,,,,,
543,18.11811811811812,,,,,,,,,,,,,,,
544,18.151484818151484,,,,,,,,,,,,,,,
545,18.184851518184853,,,,,,,,,,,,,,,
546,18.21821821821822,,,,,,,,,,,,,,,
547,18.251584918251584,,,,,,,,,,,,,,,
548,18.284951618284953,,,,,,,,,,,,,,,
549,18.31831831831832,,,,,,,,,,,,,,,
550,18.351685018351684,,,,,,,,,,,,,,,
551,18.385051718385053,,,,,,,,,,,,,,,
552,18.41841841841842,,,,,,,,,,,,,,,
553,18.451785118451784,,,,,,,,,,,,,,,
554,18.485151818485154,,,,,,,,,,,,,,,
555,18.51851851851852,,,,,,,,,,,,,,,
556,18.551885218551885,,,,,,,,,,,,,,,
557,18.585251918585254,,,,,,,,,,,,,,,
558,18.61861861861862,,,,,,,,,,,,,,,
559,18.651985318651985,,,,,,,,,,,,,,,
560,18.685352018685354,,,,,,,,,,,,,,,
561,18.71871871871872,,,,,,,,,,,,,,,
562,18.752085418752085,,,,,,,,,,,,,,,
563,18.785452118785454,,,,,,,,,,,,,,,
564,18.81881881881882,,,,,,,,,,,,,,,
565,18.852185518852185,,,,,,,,,,,,,,,
566,18.885552218885554,,,,,,,,,,,,,,,
567,18.91891891891892,,,,,,,,,,,,,,,
568,18.952285618952285,,,,,,,,,,,,,,,
569,18.985652318985654,,,,,,,,,,,,,,,
570,19.01901901901902,,,,,,,,,,,,,,,
571,19.052385719052385,,,,,,,,,,,,,,,
572,19.085752419085754,,,,,,,,,,,,,,,
573,19.11911911911912,,,,,,,,,,,,,,,
574,19.152485819152485,,,,,,,,,,,,,,,
575,19.185852519185854,,,,,,,,,,,,,,,
576,19.21921921921922,,,,,,,,,,,,,,,
577,19.252585919252585,,,,,,,,,,,,,,,
578,19.285952619285954,,,,,,,,,,,,,,,
579,19.31931931931932,,,,,,,,,,,,,,,
580,19.352686019352685,,,,,,,,,,,,,,,
581,19.386052719386054,,,,,,,,,,,,,,,
582,19.41941941941942,,,,,,,,,,,,,,,
583,19.452786119452785,,,,,,,,,,,,,,,
584,19.486152819486154,,,,,,,,,,,,,,,
585,19.51951951951952,,,,,,,,,,,,,,,
586,19.552886219552885,,,,,,,,,,,,,,,
587,19.586252919586254,,,,,,,,,,,,,,,
588,19.61961961961962,,,,,,,,,,,,,,,
589,19.65298631965299,,,,,,,,,,,,,,,
590,19.686353019686354,,,,,,,,,,,,,,,
591,19.71971971971972,,,,,,,,,,,,,,,
592,19.75308641975309,,,,,,,,,,,,,,,
593,19.786453119786454,,,,,,,,,,,,,,,
594,19.81981981981982,,,,,,,,,,,,,,,
595,19.85318651985319,,,,,,,,,,,,,,,
596,19.886553219886554,,,,,,,,,,,,,,,
597,19.91991991991992,,,,,,,,,,,,,,,
598,19.95328661995329,,,,,,,,,,,,,,,
599,19.986653319986655,,,,,,,,,,,,,,,
600,20.02002002002002,,,,,,,,,,,,,,,
601,20.05338672005339,,,,,,,,,,,,,,,
602,20.086753420086755,,,,,,,,,,,,,,,
603,20.12012012012012,,,,,,,,,,,,,,,
604,20.15348682015349,,,,,,,,,,,,,,,
605,20.186853520186855,,,,,,,,,,,,,,,
606,20.22022022022022,,,,,,,,,,,,,,,
607,20.25358692025359,,,,,,,,,,,,,,,
608,20.286953620286955,,,,,,,,,,,,,,,
609,20.32032032032032,,,,,,,,,,,,,,,
610,20.35368702035369,,,,,,,,,,,,,,,
611,20.387053720387055,,,,,,,,,,,,,,,
612,20.42042042042042,,,,,,,,,,,,,,,
613,20.45378712045379,,,,,,,,,,,,,,,
614,20.487153820487155,,,,,,,,,,,,,,,
615,20.52052052052052,,,,,,,,,,,,,,,
616,20.55388722055389,,,,,,,,,,,,,,,
617,20.587253920587255,,,,,,,,,,,,,,,
618,20.62062062062062,,,,,,,,,,,,,,,
619,20.65398732065399,,,,,,,,,,,,,,,
620,20.687354020687355,,,,,,,,,,,,,,,
621,20.72072072072072,,,,,,,,,,,,,,,
622,20.75408742075409,,,,,,,,,,,,,,,
623,20.787454120787455,,,,,,,,,,,,,,,
624,20.82082082082082,,,,,,,,,,,,,,,
625,20.85418752085419,,,,,,,,,,,,,,,
626,20.887554220887555,,,,,,,,,,,,,,,
627,20.92092092092092,,,,,,,,,,,,,,,
628,20.95428762095429,,,,,,,,,,,,,,,
629,20.987654320987655,,,,,,,,,,,,,,,
630,21.02102102102102,,,,,,,,,,,,,,,
631,21.05438772105439,,,,,,,,,,,,,,,
632,21.087754421087755,,,,,,,,,,,,,,,
633,21.12112112112112,,,,,,,,,,,,,,,
634,21.15448782115449,,,,,,,,,,,,,,,
635,21.187854521187855,,,,,,,,,,,,,,,
636,21.22122122122122,,,,,,,,,,,,,,,
637,21.25458792125459,,,,,,,,,,,,,,,
638,21.287954621287955,,,,,,,,,,,,,,,
639,21.32132132132132,,,,,,,,,,,,,,,
640,21.35468802135469,,,,,,,,,,,,,,,
641,21.388054721388055,,,,,,,,,,,,,,,
642,21.42142142142142,,,,,,,,,,,,,,,
643,21.45478812145479,,,,,,,,,,,,,,,
644,21.488154821488155,,,,,,,,,,,,,,,
645,21.52152152152152,,,,,,,,,,,,,,,
646,21.55488822155489,,,,,,,,,,,,,,,
647,21.588254921588256,,,,,,,,,,,,,,,
648,21.62162162162162,,,,,,,,,,,,,,,
649,21.65498832165499,,,,,,,,,,,,,,,
650,21.688355021688356,,,,,,,,,,,,,,,
651,21.72172172172172,,,,,,,,,,,,,,,
652,21.75508842175509,,,,,,,,,,,,,,,
653,21.788455121788456,,,,,,,,,,,,,,,
654,21.82182182182182,,,,,,,,,,,,,,,
655,21.85518852185519,,,,,,,,,,,,,,,
656,21.888555221888556,,,,,,,,,,,,,,,
657,21.92192192192192,,,,,,,,,,,,,,,
658,21.95528862195529,,,,,,,,,,,,,,,
659,21.988655321988656,,,,,,,,,,,,,,,
660,22.02202202202202,,,,,,,,,,,,,,,
661,22.05538872205539,,,,,,,,,,,,,,,
662,22.088755422088756,,,,,,,,,,,,,,,
663,22.12212212212212,,,,,,,,,,,,,,,
664,22.15548882215549,,,,,,,,,,,,,,,
665,22.188855522188856,,,,,,,,,,,,,,,
666,22.22222222222222,,,,,,,,,,,,,,,
667,22.25558892225559,,,,,,,,,,,,,,,
668,22.288955622288956,,,,,,,,,,,,,,,
669,22.32232232232232,,,,,,,,,,,,,,,
670,22.35568902235569,,,,,,,,,,,,,,,
671,22.389055722389056,,,,,,,,,,,,,,,
672,22.42242242242242,,,,,,,,,,,,,,,
673,22.45578912245579,,,,,,,,,,,,,,,
674,22.489155822489156,,,,,,,,,,,,,,,
675,22.52252252252252,,,,,,,,,,,,,,,
676,22.55588922255589,,,,,,,,,,,,,,,
677,22.589255922589256,,,,,,,,,,,,,,,
678,22.622622622622625,,,,,,,,,,,,,,,
679,22.65598932265599,,,,,,,,,,,,,,,
680,22.689356022689356,,,,,,,,,,,,,,,
681,22.722722722722725,,,,,,,,,,,,,,,
682,22.75608942275609,,,,,,,,,,,,,,,
683,22.789456122789456,,,,,,,,,,,,,,,
684,22.822822822822825,,,,,,,,,,,,,,,
685,22.85618952285619,,,,,,,,,,,,,,,
686,22.889556222889556,,,,,,,,,,,,,,,
687,22.922922922922925,,,,,,,,,,,,,,,
688,22.95628962295629,,,,,,,,,,,,,,,
689,22.989656322989656,,,,,,,,,,,,,,,
690,23.023023023023026,,,,,,,,,,,,,,,
691,23.05638972305639,,,,,,,,,,,,,,,
692,23.089756423089757,167.55117238828052,166.99626693457043,150.28522683455506,122.27564431457762,174.55966796899446,167.0053832080835,25.062008255794456,158.91624541761936,96.3401917459099,25.319686910309617,166.3286928678042,71.56505117707799,29.275254277252582,145.84030545433058,71.56505117707799
693,23.123123123123126,159.91802251581925,158.61427206807164,158.8752808539275,32.47119229084849,168.4762782961027,176.0548137709625,14.95583993007403,169.7831203702733,178.69804732742156,17.05738434419134,167.7660221732071,172.87498365109823,19.18305576720372,168.88265765615282,176.18592516570953
694,23.15648982315649,,,,,,,,,,,,,,,
695,23.189856523189857,,,,,,,,,,,,,,,
696,23.223223223223226,,,,,,,,,,,,,,,
697,23.25658992325659,,,,,,,,,,,,,,,
698,23.289956623289957,,,,,,,,,,,,,,,
699,23.323323323323326,,,,,,,,,,,,,,,
700,23.35669002335669,,,,,,,,,,,,,,,
701,23.390056723390057,,,,,,,,,,,,,,,
702,23.423423423423426,,,,,,,,,,,,,,,
703,23.45679012345679,,,,,,,,,,,,,,,
704,23.490156823490157,153.07299590781733,155.71341992940467,116.96853591213673,147.0947570770121,1.297740676739066,175.74237353382108,120.27646925120793,2.9694538416599263,177.95459151111262,109.92810259046463,12.33908727832618,177.19754848013312,33.87081071038884,110.72555886556054,177.7093899573614
705,23.523523523523526,144.46232220802563,120.29053889035795,158.68208772453846,75.40342447450583,11.309932474020195,175.8150838748816,116.33768816608743,1.0121876139822088,176.83963837395433,116.30402437471253,5.656215634516039,174.62602730175482,132.2072976342867,9.782407031807322,175.03884419533648
706,23.55689022355689,,,,,,,,,,,,,,,
707,23.590256923590257,,,,,,,,,,,,,,,
708,23.623623623623626,,,,,,,,,,,,,,,
709,23.65699032365699,,,,,,,,,,,,,,,
710,23.690357023690357,,,,,,,,,,,,,,,
711,23.723723723723726,,,,,,,,,,,,,,,
712,23.75709042375709,,,,,,,,,,,,,,,
713,23.790457123790457,,,,,,,,,,,,,,,
714,23.823823823823826,,,,,,,,,,,,,,,
715,23.85719052385719,,,,,,,,,,,,,,,
716,23.890557223890557,,,,,,,,,,,,,,,
717,23.923923923923926,,,,,,,,,,,,,,,
718,23.95729062395729,,,,,,,,,,,,,,,
719,23.990657323990657,,,,,,,,,,,,,,,
720,24.024024024024026,,,,,,,,,,,,,,,
721,24.05739072405739,168.5912817971182,168.006651276413,170.36246188706903,24.624993359218223,165.0783803216837,168.98616710964865,9.854694495684338,161.37454222158357,172.28702023646903,12.496011044437479,161.24134965215774,173.19868517601844,13.974100564405422,167.14190982700183,165.7499673021964
722,24.090757424090757,,,,,,,,,,,,,,,
723,24.124124124124126,,,,,,,,,,,,,,,
724,24.15749082415749,,,,,,,,,,,,,,,
725,24.190857524190857,,,,,,,,,,,,,,,
726,24.224224224224226,,,,,,,,,,,,,,,
727,24.257590924257592,,,,,,,,,,,,,,,
728,24.290957624290957,,,,,,,,,,,,,,,
729,24.324324324324326,,,,,,,,,,,,,,,
730,24.357691024357692,,,,,,,,,,,,,,,
731,24.391057724391057,,,,,,,,,,,,,,,
732,24.424424424424426,,,,,,,,,,,,,,,
733,24.457791124457792,,,,,,,,,,,,,,,
734,24.491157824491157,,,,,,,,,,,,,,,
735,24.524524524524526,,,,,,,,,,,,,,,
736,24.557891224557892,,,,,,,,,,,,,,,
737,24.591257924591257,,,,,,,,,,,,,,,
738,24.624624624624627,,,,,,,,,,,,,,,
739,24.657991324657992,,,,,,,,,,,,,,,
740,24.691358024691358,,,,,,,,,,,,,,,
741,24.724724724724727,,,,,,,,,,,,,,,
742,24.758091424758092,,,,,,,,,,,,,,,
743,24.791458124791458,,,,,,,,,,,,,,,
744,24.824824824824827,,,,,,,,,,,,,,,
745,24.858191524858192,,,,,,,,,,,,,,,
746,24.891558224891558,,,,,,,,,,,,,,,
747,24.924924924924927,,,,,,,,,,,,,,,
748,24.958291624958292,,,,,,,,,,,,,,,
749,24.991658324991658,,,,,,,,,,,,,,,
750,25.025025025025027,,,,,,,,,,,,,,,
751,25.058391725058392,,,,,,,,,,,,,,,
752,25.091758425091758,,,,,,,,,,,,,,,
753,25.125125125125127,172.3931322280283,130.0909378613445,93.75172907052598,144.72757855140162,80.90004964021622,159.80858818879952,60.09367469746994,144.76040235529754,153.07001248719138,51.58194465517802,140.0424510691709,159.17679562131372,126.41637851988604,80.38543072909906,153.43494882292202
754,25.158491825158492,147.9946167919165,95.44033203100551,141.84277341263095,166.94747945870805,58.052520541291976,149.1026348397335,115.52969799053305,91.33221985386963,154.89839128617663,111.84086032669505,86.71730503641174,156.2641246605523,137.06914109134152,71.93549286558837,140.9374160994815
755,25.191858525191858,148.5704343851615,134.42418240675502,142.23024263925157,166.1651468433413,47.07437338085429,163.86320874485682,106.95984702206505,93.62361244399727,156.86364238676595,87.59827345797848,96.39613371164548,158.98967558203398,117.14326890042527,98.82768722107309,154.98310652189997
756,25.225225225225227,162.70977363575886,175.86793974504755,178.61408214918802,95.50439735597925,100.82624973962854,146.80862589172398,36.261810988090936,93.40736348948022,153.61569200733106,44.27608463063493,99.24611274556325,152.31893843151474,46.9228770685163,109.82903996295865,146.30993247402023
757,25.258591925258592,160.92206587830194,164.22127741154966,133.60281897270363,100.57510757526018,64.99936064331163,143.79856920685714,58.333207036436555,65.49360433376133,151.73802966013096,40.55261514990952,105.82448702313143,149.83427584479062,25.59311422644329,124.77783136636387,131.9335144988741
758,25.291958625291958,162.1379898747615,156.07749411698674,129.15543412261314,98.90115172592273,31.987559043309904,160.4328709019467,86.28471089457123,34.67904563750231,157.5251873484312,92.54915617833983,47.15656267471479,161.59580575249956,94.33231398318851,48.17983011986423,143.13010235415598
759,25.325325325325327,155.77225468204585,155.63182413110852,119.23040241065384,96.41676022888188,52.0542517333647,144.53663575845943,58.29857033049428,35.134193056915635,157.3946146522359,89.14490260373329,52.46855787858149,156.68729528369164,101.4602020645023,53.972626614896384,135.0
760,25.358692025358692,154.34432927212114,154.22692297904902,121.57353337950879,97.1250163489018,52.992151305685375,139.35940784434484,53.972626614896384,36.86989764584401,153.2547740095538,94.61064931866062,53.51398792975036,154.6961816990649,100.30484646876603,51.00900595749453,144.24611274556327
761,25.392058725392058,157.94930355899234,156.8695723462055,121.22165027210877,87.47917209228984,53.583621480113955,141.43473915103672,61.18559479913616,41.343212910015374,154.2197734259139,90.0,56.00354085174951,151.17757023372772,99.6510635243704,54.090276920822326,141.00900595749454
762,25.425425425425427,160.60898442367628,151.30069006041973,113.3893800578728,84.02790061201277,38.523271776267805,155.57892996587537,96.69928315535961,47.1024251678482,154.87864125626757,73.20251046588854,81.7133850841714,157.17600024451073,106.03522928531217,61.587338556927406,127.87498365109822
763,25.458792125458793,159.0961156631537,161.94988468344195,127.76163903235987,86.34429090861377,56.915147071265025,151.07357416474636,72.59729586864373,54.07705380092945,147.72435568542238,82.06488521670055,62.80535021451174,152.78797253845246,89.05902947958735,60.88385373392108,143.3438915840331
764,25.492158825492158,164.66577994888257,161.68774002491708,145.3844791895728,81.49173972773202,75.45239916323463,130.32986964069903,50.42059528376237,49.430732059045695,152.7553505102799,77.96940390346214,62.31893843151475,154.73758975789485,95.03714934072181,58.53389371440569,141.30264536890363
765,25.525525525525527,163.393019421383,167.61924307119284,154.8121648999797,88.48737456283159,66.1247191460725,132.3974377975002,57.64215232788986,46.17714488598206,152.07762912357174,81.1982916767922,57.06319785160936,156.12691919136242,99.53846273398614,53.841814560191665,146.20343486522935
766,25.558892225558893,166.87615366002063,169.69515353123398,147.2647737278924,90.49777878330666,43.531199285614186,148.49573328079583,82.30040340516032,39.62329457194926,155.05992518044678,90.44414443311193,46.59606385797572,157.77630106442783,107.14855207713197,58.21908490701659,138.62148470411734
767,25.592258925592258,159.82605505144312,166.14960012136945,150.27458719687633,82.97484708666363,46.77039680545408,148.1758937007972,82.74792514531691,47.61140823909974,151.82862658907644,79.37591537983815,54.260793305393946,155.79632348109763,97.79651420312173,51.60072399882316,148.1092081981543
768,25.625625625625627,162.05474677020717,162.4075754378184,141.155168343274,76.86597769360368,44.46271517420049,162.24174151735733,86.33221194446858,57.32951039127407,164.2474405394856,81.10187510952252,71.59154020871505,166.04752223191508,108.69898280418111,75.96375653207353,130.6012946450045
769,25.658992325658993,160.04110978245396,164.93881136329063,148.94258473726873,87.06355168943334,49.792034046931946,153.10376303450664,62.28918598474691,55.06068979532297,164.05460409907712,81.86989764584403,63.034285567129864,172.1412252759134,121.28265368163969,175.23635830927387,166.32869286780416
770,25.69235902569236,161.84111280543763,162.95527946594257,144.76772634659176,85.15599962491933,53.13010235415599,151.31385242626055,41.96060043107308,67.47943439710312,166.42956561483854,58.28865413476202,96.61346048231475,166.00049636641796,116.56505117707799,135.0,116.56505117707799
771,25.725725725725727,159.59725415912285,160.96784467578883,147.55676141298972,85.18987401454693,48.43161659261047,146.23694425934477,65.86128465452438,49.492581479915316,163.71923522097705,53.26883278404359,88.13232116056584,173.48628081806928,118.27398620892306,116.56505117707799,120.96375653207352
772,25.759092425759093,,,,,,,,,,,,,,,
773,25.792459125792462,,,,,,,,,,,,,,,
774,25.825825825825827,,,,,,,,,,,,,,,
775,25.859192525859193,,,,,,,,,,,,,,,
776,25.892559225892562,,,,,,,,,,,,,,,
777,25.925925925925927,,,,,,,,,,,,,,,
778,25.959292625959293,,,,,,,,,,,,,,,
779,25.992659325992662,,,,,,,,,,,,,,,
780,26.026026026026027,,,,,,,,,,,,,,,
781,26.059392726059393,,,,,,,,,,,,,,,
782,26.092759426092762,,,,,,,,,,,,,,,
783,26.126126126126128,,,,,,,,,,,,,,,
784,26.159492826159493,,,,,,,,,,,,,,,
785,26.192859526192862,,,,,,,,,,,,,,,
786,26.226226226226228,,,,,,,,,,,,,,,
787,26.259592926259593,,,,,,,,,,,,,,,
788,26.292959626292962,,,,,,,,,,,,,,,
789,26.326326326326328,,,,,,,,,,,,,,,
790,26.359693026359693,,,,,,,,,,,,,,,
791,26.393059726393062,163.73979529168804,145.95225765396776,163.40624498310575,17.318353852284513,132.33430777491978,156.40867990540212,0.7618670558779886,149.43597497897522,168.79656513477067,1.0212069919671216,169.27803094060909,172.13504239790512,29.58170401077803,174.73760460040495,177.06432655357892
792,26.426426426426428,167.83059048378172,166.2705583093235,139.18491612511843,27.71682164637727,135.1360942322055,150.2551187030578,11.781826832297547,145.22900828735953,158.07041224982467,14.341237132077985,152.35402463626133,153.43494882292202,23.491718666004616,163.68614757373948,160.55996517182382
793,26.459793126459793,163.02028915541388,161.8962369654934,151.03994330604965,23.770054563577744,145.68033386560995,155.85445803957836,23.573937883895226,155.34941527737536,142.12501634890182,23.185096453720316,168.11134196037204,135.0,25.996377250588957,178.31531568210394,168.69006752597986
794,26.493159826493162,162.12416019412007,152.7947991533985,166.96884253732767,10.669782804496695,161.565051177078,155.34410125591842,16.243304960641687,169.06506038404294,178.90878377473726,16.26643725256161,175.1068277548617,177.89190468764306,20.637546984687816,174.8055710922652,178.61964592655562
795,26.526526526526528,,,,,,,,,,,,,,,
796,26.559893226559893,175.68397248013443,157.83365417791757,147.70402361405684,38.41805534482198,119.20180960321845,172.12369788843034,56.22416041307309,84.68545433005525,178.40331855092012,57.82878287145542,89.64632684075355,175.4797767370418,2.146367043160359,136.04162667600997,177.6467031338918
797,26.593259926593262,,,,,,,,,,,,,,,
798,26.626626626626628,,,,,,,,,,,,,,,
799,26.659993326659993,,,,,,,,,,,,,,,
800,26.693360026693362,,,,,,,,,,,,,,,
801,26.726726726726728,,,,,,,,,,,,,,,
802,26.760093426760093,,,,,,,,,,,,,,,
803,26.793460126793462,159.77514056883192,174.93638314697003,127.99873244250468,103.07912378006682,161.6495581652283,170.61448173995694,24.92847413546126,167.75366714031958,173.81138403675845,15.563768910139407,166.10880882854514,179.64115847365085,29.04323664082148,176.50536107274672,164.98163936884933
804,26.826826826826828,,,,,,,,,,,,,,,
805,26.860193526860193,,,,,,,,,,,,,,,
806,26.893560226893563,,,,,,,,,,,,,,,
807,26.926926926926928,,,,,,,,,,,,,,,
808,26.960293626960294,,,,,,,,,,,,,,,
809,26.993660326993663,,,,,,,,,,,,,,,
810,27.027027027027028,160.08199659960295,141.13102526886212,106.38954033403479,135.9158403149492,32.560437981153456,151.58733855692742,91.62812384316624,33.735794395372004,152.25959240870347,104.74795567396217,36.953908992547596,151.60698057861703,138.70462744207714,37.273382380902774,144.46232220802563
811,27.060393727060394,155.77225468204585,150.2551187030578,111.80140948635182,125.66066762349065,46.78991060824607,140.44033203100554,78.2807303198318,35.079987037597945,157.71441235316723,100.00797980144135,37.68098062440956,154.97157587614842,129.8055710922652,140.19442890773482,90.0
812,27.093760427093763,164.1213726392983,139.1429616931393,120.04236449871698,105.06848815949222,35.837652954278305,150.34436439336272,102.68541429165879,30.7380356531575,155.5825342512205,105.80796325609515,30.170864373585385,153.99274824646787,129.14398641457106,,
813,27.127127127127128,162.42481416345805,144.51835170269544,115.69605940402928,126.70285503016314,29.744881296942243,155.85445803957836,81.65174778533604,29.35393814827651,157.2971578767872,84.9936952822693,33.37063161894278,161.94893675267235,118.59322785309737,162.38742215707614,130.42607874009914
814,27.160493827160494,167.92715335385606,158.8752808539275,94.18491612511842,138.60699568825657,32.295976385943156,163.50653756799238,120.26143330752716,33.718431770946374,164.76519654707062,111.54473523744342,36.81977011750248,166.32869286780414,130.6012946450045,165.96375653207352,138.3664606634298
815,27.193860527193863,,,,,,,,,,,,,,,
816,27.227227227227228,,,,,,,,,,,,,,,
817,27.260593927260594,,,,,,,,,,,,,,,
818,27.293960627293963,,,,,,,,,,,,,,,
819,27.32732732732733,,,,,,,,,,,,,,,
820,27.360694027360694,,,,,,,,,,,,,,,
821,27.394060727394063,,,,,,,,,,,,,,,
822,27.42742742742743,,,,,,,,,,,,,,,
823,27.460794127460794,,,,,,,,,,,,,,,
824,27.494160827494163,,,,,,,,,,,,,,,
825,27.52752752752753,,,,,,,,,,,,,,,
826,27.560894227560894,,,,,,,,,,,,,,,
827,27.594260927594263,,,,,,,,,,,,,,,
828,27.62762762762763,,,,,,,,,,,,,,,
829,27.660994327660994,,,,,,,,,,,,,,,
830,27.694361027694363,,,,,,,,,,,,,,,
831,27.72772772772773,,,,,,,,,,,,,,,
832,27.761094427761094,,,,,,,,,,,,,,,
833,27.794461127794463,,,,,,,,,,,,,,,
834,27.82782782782783,,,,,,,,,,,,,,,
835,27.861194527861194,,,,,,,,,,,,,,,
836,27.894561227894563,161.95565144480142,177.4701675694167,172.23483398157464,102.90740867126584,47.121096396661464,171.5882328299835,80.21993856034408,64.17580123231134,173.07053162736906,60.36161631184867,90.62050764783395,175.95827307573674,133.7619735064483,23.19859051364817,173.6598082540901
837,27.92792792792793,162.89727103094762,176.24144431452797,172.87498365109818,90.1972308199721,70.88596893403589,170.72907314619468,74.57783868126133,68.32535088097588,169.5683931639063,33.215251493737206,116.87813975209865,170.84509686478765,100.59241373321173,69.30454926593673,152.74467162505695
838,27.961294627961294,160.31468128832904,177.98930920804298,178.78112476486896,95.38931175997341,54.6733554324035,171.01692176546163,62.90091574396992,77.54326241574788,174.66950379331124,26.565051177077994,129.17365797044422,169.6371357725289,93.2928394003649,68.96248897457819,163.61045966596524
839,27.994661327994663,161.565051177078,153.43494882292202,136.33221985386965,87.04542017594032,44.27738884421692,172.07567944783003,119.67589183056877,35.799073191057055,172.84410199067875,114.98123960621605,35.92294619907056,171.67434966957313,114.7211558679292,30.96375653207352,168.69006752597986
840,28.02802802802803,164.36649965469297,162.72825742231913,156.5953104489677,74.55616447026074,13.438188158350664,167.47119229084848,60.347643094997345,6.581944655178083,175.8150838748816,55.64473507972085,3.5395591685499785,177.06432655357892,58.442141318081724,14.858614447924657,169.9920201985587
841,28.061394728061394,161.68879996848443,164.7448812969422,124.69515353123397,95.52173628422129,39.31910918203404,147.11154950897946,84.98549695325201,41.352200238020004,147.00372890652997,75.49794744930853,37.52233727217458,155.4722795197419,81.51567786502959,56.210633128876665,137.3373058591238
842,28.094761428094763,163.92642583525364,155.13630342824814,123.47934475591597,105.59172274167639,36.54688046481114,161.81095430034873,98.78964670360021,30.975019708557713,163.07870797594938,99.95807059846099,38.53254107220849,170.55990699726567,111.16125981682828,59.2645122980799,151.69924423399362
843,28.12812812812813,164.05460409907715,161.054694393418,112.59016262850673,110.21917363387475,10.21767625639014,174.73370436355356,121.8246716939015,14.444833082849957,167.9931436077233,114.65029188624939,23.590666551695165,169.96309754603652,115.29202115702127,97.1250163489018,112.61986494804044
844,28.161494828161494,165.78313330252533,161.00789746346538,135.81265159425374,75.35030742934956,47.10379694685108,152.6222972286683,81.53621158963942,44.54886145321273,153.434948822922,54.20711956642702,27.205712105654158,167.68055474336342,58.60657987933825,22.091365409362943,165.52970589993413
845,28.194861528194863,165.6399960033919,161.16666722137975,140.34139467431177,44.88494838854607,171.8512223598323,175.26509720312498,11.60892926154472,177.24751459973106,178.62201675369528,10.249395976306866,177.7372101928605,178.1323211605659,10.197205571091246,178.32204159139096,177.17784470018813
846,28.22822822822823,162.07584697124048,142.90097137585403,139.86927309167777,0.32278970895893094,168.9456875359188,163.63892254465372,16.614424489126403,172.36050476480983,171.31522918136105,12.84811759601957,172.48959184336513,173.86559005607606,12.724355685422363,174.28940686250036,177.7093899573614
847,28.261594928261594,154.57656144709452,142.71833279400758,124.06618321424422,99.16234704572172,39.0938588862295,166.15930450834435,102.42594286542749,5.906141113770435,177.84703721089986,136.85902490465483,1.688502254821007,173.558399900665,149.96955080279847,5.34139467431185,175.23635830927378
848,28.294961628294963,,,,,,,,,,,,,,,
849,28.32832832832833,,,,,,,,,,,,,,,
850,28.361695028361694,161.565051177078,159.55045238920744,148.3245312618908,12.642152327889857,153.90457584261168,164.97394866023603,13.47453813535993,164.99425894294123,171.9234701215954,3.027583056988929,166.11831124644812,171.79985394050124,6.692875357834112,169.15969454566945,178.11594976890834
851,28.395061728395063,148.8749987355102,146.9821088475939,130.78305717083143,3.945186229037695,76.59249156293683,150.17291534552524,9.384553976837484,71.2338653886626,137.12109639666144,24.484475126923556,50.19442890773481,150.2551187030578,33.32326216904602,24.160915123324287,165.96375653207355
852,28.42842842842843,,,,,,,,,,,,,,,
853,28.461795128461794,,,,,,,,,,,,,,,
854,28.495161828495164,,,,,,,,,,,,,,,
855,28.52852852852853,,,,,,,,,,,,,,,
856,28.561895228561895,,,,,,,,,,,,,,,
857,28.595261928595264,,,,,,,,,,,,,,,
858,28.62862862862863,,,,,,,,,,,,,,,
859,28.661995328661998,,,,,,,,,,,,,,,
860,28.695362028695364,,,,,,,,,,,,,,,
861,28.72872872872873,,,,,,,,,,,,,,,
862,28.7620954287621,,,,,,,,,,,,,,,
863,28.795462128795464,,,,,,,,,,,,,,,
864,28.82882882882883,,,,,,,,,,,,,,,
865,28.8621955288622,,,,,,,,,,,,,,,
866,28.895562228895564,,,,,,,,,,,,,,,
867,28.92892892892893,,,,,,,,,,,,,,,
868,28.9622956289623,,,,,,,,,,,,,,,
869,28.995662328995664,,,,,,,,,,,,,,,
870,29.02902902902903,,,,,,,,,,,,,,,
871,29.0623957290624,,,,,,,,,,,,,,,
872,29.095762429095764,,,,,,,,,,,,,,,
873,29.12912912912913,,,,,,,,,,,,,,,
874,29.1624958291625,,,,,,,,,,,,,,,
875,29.195862529195864,,,,,,,,,,,,,,,
876,29.22922922922923,,,,,,,,,,,,,,,
877,29.2625959292626,,,,,,,,,,,,,,,
878,29.295962629295964,,,,,,,,,,,,,,,
879,29.32932932932933,,,,,,,,,,,,,,,
880,29.3626960293627,,,,,,,,,,,,,,,
881,29.396062729396064,,,,,,,,,,,,,,,
882,29.42942942942943,,,,,,,,,,,,,,,
883,29.4627961294628,,,,,,,,,,,,,,,
884,29.496162829496164,,,,,,,,,,,,,,,
885,29.52952952952953,,,,,,,,,,,,,,,
886,29.5628962295629,,,,,,,,,,,,,,,
887,29.596262929596264,,,,,,,,,,,,,,,
888,29.62962962962963,,,,,,,,,,,,,,,
889,29.662996329663,,,,,,,,,,,,,,,
890,29.696363029696364,,,,,,,,,,,,,,,
891,29.72972972972973,,,,,,,,,,,,,,,
892,29.7630964297631,,,,,,,,,,,,,,,
893,29.796463129796464,,,,,,,,,,,,,,,
894,29.82982982982983,,,,,,,,,,,,,,,
895,29.8631965298632,,,,,,,,,,,,,,,
896,29.896563229896564,,,,,,,,,,,,,,,
897,29.92992992992993,,,,,,,,,,,,,,,
898,29.9632966299633,,,,,,,,,,,,,,,
899,29.996663329996665,,,,,,,,,,,,,,,
900,30.03003003003003,,,,,,,,,,,,,,,
901,30.0633967300634,,,,,,,,,,,,,,,
902,30.096763430096765,,,,,,,,,,,,,,,
903,30.13013013013013,,,,,,,,,,,,,,,
904,30.1634968301635,,,,,,,,,,,,,,,
905,30.196863530196865,,,,,,,,,,,,,,,
906,30.23023023023023,,,,,,,,,,,,,,,
907,30.2635969302636,,,,,,,,,,,,,,,
908,30.296963630296965,,,,,,,,,,,,,,,
909,30.33033033033033,,,,,,,,,,,,,,,
910,30.3636970303637,,,,,,,,,,,,,,,
911,30.397063730397065,,,,,,,,,,,,,,,
912,30.43043043043043,,,,,,,,,,,,,,,
913,30.4637971304638,,,,,,,,,,,,,,,
914,30.497163830497165,,,,,,,,,,,,,,,
915,30.53053053053053,,,,,,,,,,,,,,,
916,30.5638972305639,,,,,,,,,,,,,,,
917,30.597263930597265,,,,,,,,,,,,,,,
918,30.63063063063063,,,,,,,,,,,,,,,
919,30.663997330664,,,,,,,,,,,,,,,
920,30.697364030697365,,,,,,,,,,,,,,,
921,30.73073073073073,,,,,,,,,,,,,,,
922,30.7640974307641,,,,,,,,,,,,,,,
923,30.797464130797465,,,,,,,,,,,,,,,
924,30.83083083083083,,,,,,,,,,,,,,,
925,30.8641975308642,,,,,,,,,,,,,,,
926,30.897564230897565,,,,,,,,,,,,,,,
927,30.93093093093093,,,,,,,,,,,,,,,
928,30.9642976309643,,,,,,,,,,,,,,,
929,30.997664330997665,,,,,,,,,,,,,,,
930,31.03103103103103,,,,,,,,,,,,,,,
931,31.0643977310644,,,,,,,,,,,,,,,
932,31.097764431097765,,,,,,,,,,,,,,,
933,31.13113113113113,,,,,,,,,,,,,,,
934,31.1644978311645,,,,,,,,,,,,,,,
935,31.197864531197865,,,,,,,,,,,,,,,
936,31.23123123123123,,,,,,,,,,,,,,,
937,31.2645979312646,,,,,,,,,,,,,,,
938,31.297964631297965,,,,,,,,,,,,,,,
939,31.33133133133133,,,,,,,,,,,,,,,
940,31.3646980313647,,,,,,,,,,,,,,,
941,31.398064731398065,,,,,,,,,,,,,,,
942,31.43143143143143,,,,,,,,,,,,,,,
943,31.4647981314648,,,,,,,,,,,,,,,
944,31.498164831498165,,,,,,,,,,,,,,,
945,31.53153153153153,,,,,,,,,,,,,,,
946,31.5648982315649,,,,,,,,,,,,,,,
947,31.598264931598266,,,,,,,,,,,,,,,
948,31.631631631631635,,,,,,,,,,,,,,,
949,31.664998331665,,,,,,,,,,,,,,,
950,31.698365031698366,,,,,,,,,,,,,,,
951,31.731731731731735,,,,,,,,,,,,,,,
952,31.7650984317651,,,,,,,,,,,,,,,
953,31.798465131798466,,,,,,,,,,,,,,,
954,31.831831831831835,,,,,,,,,,,,,,,
955,31.8651985318652,,,,,,,,,,,,,,,
956,31.898565231898566,,,,,,,,,,,,,,,
957,31.931931931931935,,,,,,,,,,,,,,,
958,31.9652986319653,,,,,,,,,,,,,,,
959,31.998665331998666,,,,,,,,,,,,,,,
960,32.032032032032035,,,,,,,,,,,,,,,
961,32.0653987320654,,,,,,,,,,,,,,,
962,32.098765432098766,,,,,,,,,,,,,,,
963,32.132132132132135,,,,,,,,,,,,,,,
964,32.1654988321655,,,,,,,,,,,,,,,
965,32.198865532198866,,,,,,,,,,,,,,,
966,32.232232232232235,,,,,,,,,,,,,,,
967,32.2655989322656,,,,,,,,,,,,,,,
968,32.298965632298966,,,,,,,,,,,,,,,
969,32.332332332332335,,,,,,,,,,,,,,,
970,32.3656990323657,,,,,,,,,,,,,,,
971,32.399065732399066,,,,,,,,,,,,,,,
972,32.432432432432435,,,,,,,,,,,,,,,
973,32.4657991324658,,,,,,,,,,,,,,,
974,32.499165832499166,,,,,,,,,,,,,,,
975,32.532532532532535,,,,,,,,,,,,,,,
976,32.5658992325659,,,,,,,,,,,,,,,
977,32.599265932599266,,,,,,,,,,,,,,,
978,32.632632632632635,,,,,,,,,,,,,,,
979,32.665999332666,,,,,,,,,,,,,,,
980,32.699366032699366,,,,,,,,,,,,,,,
981,32.732732732732735,,,,,,,,,,,,,,,
982,32.7660994327661,,,,,,,,,,,,,,,
983,32.799466132799466,,,,,,,,,,,,,,,
984,32.832832832832835,,,,,,,,,,,,,,,
985,32.8661995328662,,,,,,,,,,,,,,,
986,32.899566232899566,,,,,,,,,,,,,,,
987,32.932932932932935,,,,,,,,,,,,,,,
988,32.9662996329663,,,,,,,,,,,,,,,
989,32.99966633299967,,,,,,,,,,,,,,,
990,33.033033033033036,,,,,,,,,,,,,,,
991,33.0663997330664,,,,,,,,,,,,,,,
992,33.09976643309977,,,,,,,,,,,,,,,
993,33.133133133133136,,,,,,,,,,,,,,,
994,33.166499833166505,,,,,,,,,,,,,,,
995,33.19986653319987,,,,,,,,,,,,,,,
996,33.233233233233236,,,,,,,,,,,,,,,
997,33.266599933266605,,,,,,,,,,,,,,,
998,33.29996663329997,,,,,,,,,,,,,,,
999,33.333333333333336,,,,,,,,,,,,,,,
1000,33.366700033366705,,,,,,,,,,,,,,,
1001,33.40006673340007,,,,,,,,,,,,,,,
1002,33.433433433433436,,,,,,,,,,,,,,,
1003,33.466800133466805,,,,,,,,,,,,,,,
1004,33.50016683350017,,,,,,,,,,,,,,,
1005,33.533533533533536,,,,,,,,,,,,,,,
1006,33.566900233566905,,,,,,,,,,,,,,,
1007,33.60026693360027,,,,,,,,,,,,,,,
1008,33.633633633633636,,,,,,,,,,,,,,,
1009,33.667000333667005,,,,,,,,,,,,,,,
1010,33.70036703370037,,,,,,,,,,,,,,,
1011,33.733733733733736,,,,,,,,,,,,,,,
1012,33.767100433767105,,,,,,,,,,,,,,,
1013,33.80046713380047,,,,,,,,,,,,,,,
1014,33.833833833833836,,,,,,,,,,,,,,,
1015,33.867200533867205,,,,,,,,,,,,,,,
1016,33.90056723390057,,,,,,,,,,,,,,,
1017,33.933933933933936,,,,,,,,,,,,,,,
1018,33.967300633967305,,,,,,,,,,,,,,,
1019,34.00066733400067,,,,,,,,,,,,,,,
1020,34.034034034034036,,,,,,,,,,,,,,,
1021,34.067400734067405,,,,,,,,,,,,,,,
1022,34.10076743410077,,,,,,,,,,,,,,,
1023,34.134134134134136,,,,,,,,,,,,,,,
1024,34.167500834167505,,,,,,,,,,,,,,,
1025,34.20086753420087,,,,,,,,,,,,,,,
1026,34.234234234234236,,,,,,,,,,,,,,,
1027,34.267600934267605,,,,,,,,,,,,,,,
1028,34.30096763430097,,,,,,,,,,,,,,,
1029,34.334334334334336,,,,,,,,,,,,,,,
1030,34.367701034367705,,,,,,,,,,,,,,,
1031,34.40106773440107,,,,,,,,,,,,,,,
1032,34.434434434434436,,,,,,,,,,,,,,,
1033,34.467801134467805,,,,,,,,,,,,,,,
1034,34.50116783450117,,,,,,,,,,,,,,,
1035,34.53453453453454,,,,,,,,,,,,,,,
1036,34.567901234567906,,,,,,,,,,,,,,,
1037,34.60126793460127,,,,,,,,,,,,,,,
1038,34.63463463463464,,,,,,,,,,,,,,,
1039,34.668001334668006,,,,,,,,,,,,,,,
1040,34.70136803470137,,,,,,,,,,,,,,,
1041,34.73473473473474,,,,,,,,,,,,,,,
1042,34.768101434768106,,,,,,,,,,,,,,,
1043,34.80146813480147,,,,,,,,,,,,,,,
1044,34.83483483483484,,,,,,,,,,,,,,,
1045,34.868201534868206,,,,,,,,,,,,,,,
1046,34.90156823490157,,,,,,,,,,,,,,,
1047,34.93493493493494,,,,,,,,,,,,,,,
1048,34.968301634968306,,,,,,,,,,,,,,,
1049,35.00166833500167,,,,,,,,,,,,,,,
1050,35.03503503503504,,,,,,,,,,,,,,,
1051,35.068401735068406,,,,,,,,,,,,,,,
1052,35.10176843510177,,,,,,,,,,,,,,,
1053,35.13513513513514,,,,,,,,,,,,,,,
1054,35.168501835168506,,,,,,,,,,,,,,,
1055,35.20186853520187,,,,,,,,,,,,,,,
1056,35.23523523523524,,,,,,,,,,,,,,,
1057,35.268601935268606,,,,,,,,,,,,,,,
1058,35.30196863530197,,,,,,,,,,,,,,,
1059,35.33533533533534,,,,,,,,,,,,,,,
1060,35.368702035368706,,,,,,,,,,,,,,,
1061,35.40206873540207,,,,,,,,,,,,,,,
1062,35.43543543543544,,,,,,,,,,,,,,,
1063,35.468802135468806,,,,,,,,,,,,,,,
1064,35.50216883550217,,,,,,,,,,,,,,,
1065,35.53553553553554,,,,,,,,,,,,,,,
1066,35.568902235568906,,,,,,,,,,,,,,,
1067,35.60226893560227,,,,,,,,,,,,,,,
1068,35.63563563563564,,,,,,,,,,,,,,,
1069,35.669002335669006,,,,,,,,,,,,,,,
1070,35.70236903570237,,,,,,,,,,,,,,,
1071,35.73573573573574,,,,,,,,,,,,,,,
1072,35.769102435769106,,,,,,,,,,,,,,,
1073,35.80246913580247,,,,,,,,,,,,,,,
1074,35.83583583583584,,,,,,,,,,,,,,,
1075,35.869202535869206,,,,,,,,,,,,,,,
1076,35.90256923590257,,,,,,,,,,,,,,,
1077,35.93593593593594,,,,,,,,,,,,,,,
1078,35.969302635969306,,,,,,,,,,,,,,,
1079,36.00266933600267,,,,,,,,,,,,,,,
1080,36.03603603603604,,,,,,,,,,,,,,,
1081,36.06940273606941,,,,,,,,,,,,,,,
1082,36.10276943610277,,,,,,,,,,,,,,,
1083,36.13613613613614,,,,,,,,,,,,,,,
1084,36.16950283616951,,,,,,,,,,,,,,,
1085,36.20286953620287,,,,,,,,,,,,,,,
1086,36.23623623623624,,,,,,,,,,,,,,,
1087,36.26960293626961,,,,,,,,,,,,,,,
1088,36.30296963630297,,,,,,,,,,,,,,,
1089,36.33633633633634,,,,,,,,,,,,,,,
1090,36.36970303636971,,,,,,,,,,,,,,,
1091,36.40306973640307,,,,,,,,,,,,,,,
1092,36.43643643643644,,,,,,,,,,,,,,,
1093,36.46980313646981,,,,,,,,,,,,,,,
1094,36.50316983650317,,,,,,,,,,,,,,,
1095,36.53653653653654,,,,,,,,,,,,,,,
1096,36.56990323656991,,,,,,,,,,,,,,,
1097,36.60326993660327,,,,,,,,,,,,,,,
1098,36.63663663663664,,,,,,,,,,,,,,,
1099,36.67000333667001,,,,,,,,,,,,,,,
1100,36.70337003670337,,,,,,,,,,,,,,,
1101,36.73673673673674,,,,,,,,,,,,,,,
1102,36.77010343677011,,,,,,,,,,,,,,,
1103,36.80347013680347,,,,,,,,,,,,,,,
1104,36.83683683683684,,,,,,,,,,,,,,,
1105,36.87020353687021,,,,,,,,,,,,,,,
1106,36.90357023690357,,,,,,,,,,,,,,,
1107,36.93693693693694,,,,,,,,,,,,,,,
1108,36.97030363697031,,,,,,,,,,,,,,,
1109,37.00367033700367,,,,,,,,,,,,,,,
1110,37.03703703703704,,,,,,,,,,,,,,,
1111,37.07040373707041,,,,,,,,,,,,,,,
1112,37.10377043710377,,,,,,,,,,,,,,,
1113,37.13713713713714,,,,,,,,,,,,,,,
1114,37.17050383717051,,,,,,,,,,,,,,,
1115,37.20387053720387,,,,,,,,,,,,,,,
1116,37.23723723723724,,,,,,,,,,,,,,,
1117,37.27060393727061,,,,,,,,,,,,,,,
1118,37.30397063730397,,,,,,,,,,,,,,,
1119,37.33733733733734,,,,,,,,,,,,,,,
1120,37.37070403737071,,,,,,,,,,,,,,,
1121,37.40407073740407,,,,,,,,,,,,,,,
1122,37.43743743743744,,,,,,,,,,,,,,,
1123,37.47080413747081,,,,,,,,,,,,,,,
1124,37.50417083750417,,,,,,,,,,,,,,,
1125,37.53753753753754,,,,,,,,,,,,,,,
1126,37.57090423757091,,,,,,,,,,,,,,,
1127,37.60427093760427,,,,,,,,,,,,,,,
1128,37.63763763763764,,,,,,,,,,,,,,,
1129,37.67100433767101,,,,,,,,,,,,,,,
1130,37.70437103770437,,,,,,,,,,,,,,,
1131,37.73773773773774,,,,,,,,,,,,,,,
1132,37.77110443777111,,,,,,,,,,,,,,,
1133,37.80447113780447,,,,,,,,,,,,,,,
1134,37.83783783783784,,,,,,,,,,,,,,,
1135,37.87120453787121,,,,,,,,,,,,,,,
1136,37.90457123790457,,,,,,,,,,,,,,,
1137,37.93793793793794,,,,,,,,,,,,,,,
1138,37.97130463797131,,,,,,,,,,,,,,,
1139,38.00467133800467,,,,,,,,,,,,,,,
1140,38.03803803803804,,,,,,,,,,,,,,,
1141,38.07140473807141,,,,,,,,,,,,,,,
1142,38.10477143810477,,,,,,,,,,,,,,,
1143,38.13813813813814,,,,,,,,,,,,,,,
1144,38.17150483817151,,,,,,,,,,,,,,,
1145,38.20487153820487,,,,,,,,,,,,,,,
1146,38.23823823823824,,,,,,,,,,,,,,,
1147,38.27160493827161,,,,,,,,,,,,,,,
1148,38.30497163830497,,,,,,,,,,,,,,,
1149,38.33833833833834,,,,,,,,,,,,,,,
1150,38.37170503837171,,,,,,,,,,,,,,,
1151,38.40507173840507,,,,,,,,,,,,,,,
1152,38.43843843843844,,,,,,,,,,,,,,,
1153,38.47180513847181,,,,,,,,,,,,,,,
1154,38.50517183850517,,,,,,,,,,,,,,,
1155,38.53853853853854,,,,,,,,,,,,,,,
1156,38.57190523857191,,,,,,,,,,,,,,,
1157,38.60527193860527,,,,,,,,,,,,,,,
1158,38.63863863863864,,,,,,,,,,,,,,,
1159,38.67200533867201,,,,,,,,,,,,,,,
1160,38.70537203870537,,,,,,,,,,,,,,,
1161,38.73873873873874,,,,,,,,,,,,,,,
1162,38.77210543877211,,,,,,,,,,,,,,,
1163,38.80547213880547,,,,,,,,,,,,,,,
1164,38.83883883883884,,,,,,,,,,,,,,,
1165,38.87220553887221,,,,,,,,,,,,,,,
1166,38.90557223890557,,,,,,,,,,,,,,,
1167,38.93893893893894,,,,,,,,,,,,,,,
1168,38.97230563897231,,,,,,,,,,,,,,,
1169,39.00567233900567,,,,,,,,,,,,,,,
1170,39.03903903903904,,,,,,,,,,,,,,,
1171,39.07240573907241,,,,,,,,,,,,,,,
1172,39.10577243910577,,,,,,,,,,,,,,,
1173,39.13913913913914,,,,,,,,,,,,,,,
1174,39.17250583917251,,,,,,,,,,,,,,,
1175,39.20587253920588,,,,,,,,,,,,,,,
1176,39.23923923923924,,,,,,,,,,,,,,,
1177,39.27260593927261,,,,,,,,,,,,,,,
1178,39.30597263930598,,,,,,,,,,,,,,,
1179,39.33933933933934,,,,,,,,,,,,,,,
1180,39.37270603937271,,,,,,,,,,,,,,,
1181,39.40607273940608,,,,,,,,,,,,,,,
1182,39.43943943943944,,,,,,,,,,,,,,,
1183,39.47280613947281,,,,,,,,,,,,,,,
1184,39.50617283950618,,,,,,,,,,,,,,,
1185,39.53953953953954,,,,,,,,,,,,,,,
1186,39.57290623957291,,,,,,,,,,,,,,,
1187,39.60627293960628,,,,,,,,,,,,,,,
1188,39.63963963963964,,,,,,,,,,,,,,,
1189,39.67300633967301,,,,,,,,,,,,,,,
1190,39.70637303970638,,,,,,,,,,,,,,,
1191,39.73973973973974,,,,,,,,,,,,,,,
1192,39.77310643977311,,,,,,,,,,,,,,,
1193,39.80647313980648,,,,,,,,,,,,,,,
1194,39.83983983983984,,,,,,,,,,,,,,,
1195,39.87320653987321,,,,,,,,,,,,,,,
1196,39.90657323990658,,,,,,,,,,,,,,,
1197,39.93993993993994,,,,,,,,,,,,,,,
1198,39.97330663997331,,,,,,,,,,,,,,,
1199,40.00667334000668,,,,,,,,,,,,,,,
1200,40.04004004004004,,,,,,,,,,,,,,,
1201,40.07340674007341,,,,,,,,,,,,,,,
1202,40.10677344010678,,,,,,,,,,,,,,,
1203,40.14014014014014,,,,,,,,,,,,,,,
1204,40.17350684017351,,,,,,,,,,,,,,,
1205,40.20687354020688,,,,,,,,,,,,,,,
1206,40.24024024024024,,,,,,,,,,,,,,,
1207,40.27360694027361,,,,,,,,,,,,,,,
1208,40.30697364030698,,,,,,,,,,,,,,,
1209,40.34034034034034,,,,,,,,,,,,,,,
1210,40.37370704037371,,,,,,,,,,,,,,,
1211,40.40707374040708,,,,,,,,,,,,,,,
1212,40.44044044044044,,,,,,,,,,,,,,,
1213,40.47380714047381,,,,,,,,,,,,,,,
1214,40.50717384050718,,,,,,,,,,,,,,,
1215,40.54054054054054,,,,,,,,,,,,,,,
1216,40.57390724057391,,,,,,,,,,,,,,,
1217,40.60727394060728,,,,,,,,,,,,,,,
1218,40.64064064064064,,,,,,,,,,,,,,,
1219,40.67400734067401,,,,,,,,,,,,,,,
1220,40.70737404070738,,,,,,,,,,,,,,,
1221,40.74074074074074,,,,,,,,,,,,,,,
1222,40.77410744077411,,,,,,,,,,,,,,,
1223,40.80747414080748,,,,,,,,,,,,,,,
1224,40.84084084084084,,,,,,,,,,,,,,,
1225,40.87420754087421,,,,,,,,,,,,,,,
1226,40.90757424090758,,,,,,,,,,,,,,,
1227,40.94094094094094,,,,,,,,,,,,,,,
1228,40.97430764097431,,,,,,,,,,,,,,,
1229,41.00767434100768,,,,,,,,,,,,,,,
1230,41.04104104104104,,,,,,,,,,,,,,,
1231,41.07440774107441,,,,,,,,,,,,,,,
1232,41.10777444110778,,,,,,,,,,,,,,,
1233,41.14114114114114,,,,,,,,,,,,,,,
1234,41.17450784117451,,,,,,,,,,,,,,,
1235,41.20787454120788,,,,,,,,,,,,,,,
1236,41.24124124124124,,,,,,,,,,,,,,,
1237,41.27460794127461,,,,,,,,,,,,,,,
1238,41.30797464130798,,,,,,,,,,,,,,,
1239,41.34134134134134,,,,,,,,,,,,,,,
1240,41.37470804137471,,,,,,,,,,,,,,,
1241,41.40807474140808,,,,,,,,,,,,,,,
1242,41.44144144144144,,,,,,,,,,,,,,,
1243,41.47480814147481,,,,,,,,,,,,,,,
1244,41.50817484150818,,,,,,,,,,,,,,,
1245,41.54154154154154,,,,,,,,,,,,,,,
1246,41.57490824157491,,,,,,,,,,,,,,,
1247,41.60827494160828,,,,,,,,,,,,,,,
1248,41.64164164164164,,,,,,,,,,,,,,,
1249,41.67500834167501,,,,,,,,,,,,,,,
1250,41.70837504170838,,,,,,,,,,,,,,,
1251,41.74174174174174,,,,,,,,,,,,,,,
1252,41.77510844177511,,,,,,,,,,,,,,,
1253,41.80847514180848,,,,,,,,,,,,,,,
1254,41.84184184184184,,,,,,,,,,,,,,,
1255,41.87520854187521,,,,,,,,,,,,,,,
1256,41.90857524190858,,,,,,,,,,,,,,,
1257,41.94194194194194,,,,,,,,,,,,,,,
1258,41.97530864197531,,,,,,,,,,,,,,,
1259,42.00867534200868,,,,,,,,,,,,,,,
1260,42.04204204204204,,,,,,,,,,,,,,,
1261,42.07540874207541,,,,,,,,,,,,,,,
1262,42.10877544210878,,,,,,,,,,,,,,,
1263,42.14214214214214,,,,,,,,,,,,,,,
1264,42.17550884217551,,,,,,,,,,,,,,,
1265,42.20887554220888,,,,,,,,,,,,,,,
1266,42.24224224224224,,,,,,,,,,,,,,,
1267,42.27560894227561,,,,,,,,,,,,,,,
1268,42.30897564230898,,,,,,,,,,,,,,,
1269,42.34234234234234,,,,,,,,,,,,,,,
1270,42.37570904237571,,,,,,,,,,,,,,,
1271,42.40907574240908,,,,,,,,,,,,,,,
1272,42.44244244244244,,,,,,,,,,,,,,,
1273,42.47580914247581,,,,,,,,,,,,,,,
1274,42.50917584250918,,,,,,,,,,,,,,,
1275,42.54254254254254,,,,,,,,,,,,,,,
1276,42.57590924257591,,,,,,,,,,,,,,,
1277,42.60927594260928,,,,,,,,,,,,,,,
1278,42.64264264264264,,,,,,,,,,,,,,,
1279,42.67600934267601,,,,,,,,,,,,,,,
1280,42.70937604270938,,,,,,,,,,,,,,,
1281,42.74274274274274,,,,,,,,,,,,,,,
1282,42.77610944277611,,,,,,,,,,,,,,,
1283,42.80947614280948,,,,,,,,,,,,,,,
1284,42.84284284284284,,,,,,,,,,,,,,,
1285,42.87620954287621,,,,,,,,,,,,,,,
1286,42.90957624290958,,,,,,,,,,,,,,,
1287,42.94294294294294,,,,,,,,,,,,,,,
1288,42.97630964297631,,,,,,,,,,,,,,,
1289,43.00967634300968,,,,,,,,,,,,,,,
1290,43.04304304304304,,,,,,,,,,,,,,,
1291,43.07640974307641,,,,,,,,,,,,,,,
1292,43.10977644310978,,,,,,,,,,,,,,,
1293,43.14314314314314,,,,,,,,,,,,,,,
1294,43.17650984317651,,,,,,,,,,,,,,,
1295,43.20987654320988,,,,,,,,,,,,,,,
1296,43.24324324324324,,,,,,,,,,,,,,,
1297,43.27660994327661,,,,,,,,,,,,,,,
1298,43.30997664330998,,,,,,,,,,,,,,,
1299,43.34334334334334,,,,,,,,,,,,,,,
1300,43.37671004337671,,,,,,,,,,,,,,,
1301,43.41007674341008,,,,,,,,,,,,,,,
1302,43.44344344344344,,,,,,,,,,,,,,,
1303,43.47681014347681,,,,,,,,,,,,,,,
1304,43.51017684351018,,,,,,,,,,,,,,,
1305,43.54354354354354,,,,,,,,,,,,,,,
1306,43.57691024357691,,,,,,,,,,,,,,,
1307,43.61027694361028,,,,,,,,,,,,,,,
1308,43.64364364364364,,,,,,,,,,,,,,,
1309,43.67701034367701,,,,,,,,,,,,,,,
1310,43.71037704371038,,,,,,,,,,,,,,,
1311,43.74374374374374,,,,,,,,,,,,,,,
1312,43.77711044377711,,,,,,,,,,,,,,,
1313,43.81047714381048,,,,,,,,,,,,,,,
1314,43.84384384384384,,,,,,,,,,,,,,,
1315,43.87721054387721,,,,,,,,,,,,,,,
1316,43.91057724391058,,,,,,,,,,,,,,,
1317,43.94394394394394,,,,,,,,,,,,,,,
1318,43.97731064397731,,,,,,,,,,,,,,,
1319,44.01067734401068,,,,,,,,,,,,,,,
1320,44.04404404404404,,,,,,,,,,,,,,,
1321,44.07741074407741,,,,,,,,,,,,,,,
1322,44.11077744411078,,,,,,,,,,,,,,,
1323,44.14414414414414,,,,,,,,,,,,,,,
1324,44.17751084417751,,,,,,,,,,,,,,,
1325,44.21087754421088,,,,,,,,,,,,,,,
1326,44.24424424424424,,,,,,,,,,,,,,,
1327,44.27761094427761,,,,,,,,,,,,,,,
1328,44.31097764431098,,,,,,,,,,,,,,,
1329,44.34434434434434,,,,,,,,,,,,,,,
1330,44.37771104437771,,,,,,,,,,,,,,,
1331,44.41107774441108,,,,,,,,,,,,,,,
1332,44.44444444444444,,,,,,,,,,,,,,,
1333,44.47781114447781,,,,,,,,,,,,,,,
1334,44.51117784451118,,,,,,,,,,,,,,,
1335,44.54454454454454,,,,,,,,,,,,,,,
1336,44.57791124457791,,,,,,,,,,,,,,,
1337,44.61127794461128,,,,,,,,,,,,,,,
1338,44.64464464464464,,,,,,,,,,,,,,,
1339,44.67801134467801,,,,,,,,,,,,,,,
1340,44.71137804471138,,,,,,,,,,,,,,,
1341,44.74474474474474,,,,,,,,,,,,,,,
1342,44.77811144477811,,,,,,,,,,,,,,,
1343,44.81147814481148,,,,,,,,,,,,,,,
1344,44.84484484484484,,,,,,,,,,,,,,,
1345,44.87821154487821,,,,,,,,,,,,,,,
1346,44.91157824491158,,,,,,,,,,,,,,,
1347,44.94494494494494,,,,,,,,,,,,,,,
1348,44.97831164497831,,,,,,,,,,,,,,,
1349,45.01167834501168,,,,,,,,,,,,,,,
1350,45.04504504504504,,,,,,,,,,,,,,,
1351,45.07841174507841,,,,,,,,,,,,,,,
1352,45.11177844511178,,,,,,,,,,,,,,,
1353,45.14514514514514,,,,,,,,,,,,,,,
1354,45.17851184517851,,,,,,,,,,,,,,,
1355,45.21187854521188,,,,,,,,,,,,,,,
1356,45.24524524524525,,,,,,,,,,,,,,,
1357,45.27861194527861,,,,,,,,,,,,,,,
1358,45.31197864531198,,,,,,,,,,,,,,,
1359,45.34534534534535,,,,,,,,,,,,,,,
1360,45.37871204537871,,,,,,,,,,,,,,,
1361,45.41207874541208,,,,,,,,,,,,,,,
1362,45.44544544544545,,,,,,,,,,,,,,,
1363,45.47881214547881,,,,,,,,,,,,,,,
1364,45.51217884551218,,,,,,,,,,,,,,,
1365,45.54554554554555,,,,,,,,,,,,,,,
1366,45.57891224557891,,,,,,,,,,,,,,,
1367,45.61227894561228,,,,,,,,,,,,,,,
1368,45.64564564564565,,,,,,,,,,,,,,,
1369,45.67901234567901,,,,,,,,,,,,,,,
1370,45.71237904571238,,,,,,,,,,,,,,,
1371,45.74574574574575,,,,,,,,,,,,,,,
1372,45.77911244577911,,,,,,,,,,,,,,,
1373,45.81247914581248,,,,,,,,,,,,,,,
1374,45.84584584584585,,,,,,,,,,,,,,,
1375,45.87921254587921,,,,,,,,,,,,,,,
1376,45.91257924591258,,,,,,,,,,,,,,,
1377,45.94594594594595,,,,,,,,,,,,,,,
1378,45.97931264597931,,,,,,,,,,,,,,,
1379,46.01267934601268,,,,,,,,,,,,,,,
1380,46.04604604604605,,,,,,,,,,,,,,,
1381,46.07941274607941,,,,,,,,,,,,,,,
1382,46.11277944611278,,,,,,,,,,,,,,,
1383,46.14614614614615,,,,,,,,,,,,,,,
1384,46.17951284617951,,,,,,,,,,,,,,,
1385,46.21287954621288,,,,,,,,,,,,,,,
1386,46.24624624624625,,,,,,,,,,,,,,,
1387,46.27961294627961,,,,,,,,,,,,,,,
1388,46.31297964631298,,,,,,,,,,,,,,,
1389,46.34634634634635,,,,,,,,,,,,,,,
1390,46.37971304637971,,,,,,,,,,,,,,,
1391,46.41307974641308,,,,,,,,,,,,,,,
1392,46.44644644644645,,,,,,,,,,,,,,,
1393,46.47981314647981,,,,,,,,,,,,,,,
1394,46.51317984651318,,,,,,,,,,,,,,,
1395,46.54654654654655,,,,,,,,,,,,,,,
1396,46.57991324657991,,,,,,,,,,,,,,,
1397,46.61327994661328,,,,,,,,,,,,,,,
1398,46.64664664664665,,,,,,,,,,,,,,,
1399,46.68001334668001,,,,,,,,,,,,,,,
1400,46.71338004671338,,,,,,,,,,,,,,,
1401,46.74674674674675,,,,,,,,,,,,,,,
1402,46.78011344678011,,,,,,,,,,,,,,,
1403,46.81348014681348,,,,,,,,,,,,,,,
1404,46.84684684684685,,,,,,,,,,,,,,,
1405,46.88021354688021,,,,,,,,,,,,,,,
1406,46.91358024691358,,,,,,,,,,,,,,,
1407,46.94694694694695,,,,,,,,,,,,,,,
1408,46.98031364698031,,,,,,,,,,,,,,,
1409,47.01368034701368,,,,,,,,,,,,,,,
1410,47.04704704704705,,,,,,,,,,,,,,,
1411,47.080413747080414,,,,,,,,,,,,,,,
1412,47.11378044711378,,,,,,,,,,,,,,,
1413,47.14714714714715,,,,,,,,,,,,,,,
1414,47.180513847180514,,,,,,,,,,,,,,,
1415,47.21388054721388,,,,,,,,,,,,,,,
1416,47.24724724724725,,,,,,,,,,,,,,,
1417,47.280613947280614,,,,,,,,,,,,,,,
1418,47.31398064731398,,,,,,,,,,,,,,,
1419,47.34734734734735,,,,,,,,,,,,,,,
1420,47.380714047380714,,,,,,,,,,,,,,,
1421,47.41408074741408,,,,,,,,,,,,,,,
1422,47.44744744744745,,,,,,,,,,,,,,,
1423,47.480814147480814,,,,,,,,,,,,,,,
1424,47.51418084751418,,,,,,,,,,,,,,,
1425,47.54754754754755,,,,,,,,,,,,,,,
1426,47.580914247580914,,,,,,,,,,,,,,,
1427,47.61428094761428,,,,,,,,,,,,,,,
1428,47.64764764764765,,,,,,,,,,,,,,,
1429,47.681014347681014,,,,,,,,,,,,,,,
1430,47.71438104771438,,,,,,,,,,,,,,,
1431,47.74774774774775,,,,,,,,,,,,,,,
1432,47.781114447781114,,,,,,,,,,,,,,,
1433,47.81448114781448,,,,,,,,,,,,,,,
1434,47.84784784784785,,,,,,,,,,,,,,,
1435,47.881214547881214,,,,,,,,,,,,,,,
1436,47.91458124791458,,,,,,,,,,,,,,,
1437,47.94794794794795,,,,,,,,,,,,,,,
1438,47.981314647981314,,,,,,,,,,,,,,,
1439,48.01468134801468,,,,,,,,,,,,,,,
1440,48.04804804804805,,,,,,,,,,,,,,,
1441,48.081414748081414,,,,,,,,,,,,,,,
1442,48.11478144811478,,,,,,,,,,,,,,,
1443,48.14814814814815,,,,,,,,,,,,,,,
1444,48.181514848181514,,,,,,,,,,,,,,,
1445,48.21488154821488,,,,,,,,,,,,,,,
1446,48.24824824824825,,,,,,,,,,,,,,,
1447,48.281614948281614,,,,,,,,,,,,,,,
1448,48.31498164831498,,,,,,,,,,,,,,,
1449,48.34834834834835,,,,,,,,,,,,,,,
1450,48.381715048381714,,,,,,,,,,,,,,,
1451,48.41508174841508,,,,,,,,,,,,,,,
1452,48.44844844844845,,,,,,,,,,,,,,,
1453,48.481815148481815,,,,,,,,,,,,,,,
1454,48.515181848515184,,,,,,,,,,,,,,,
1455,48.54854854854855,,,,,,,,,,,,,,,
1456,48.581915248581915,,,,,,,,,,,,,,,
1457,48.615281948615284,,,,,,,,,,,,,,,
1458,48.64864864864865,,,,,,,,,,,,,,,
1459,48.682015348682015,,,,,,,,,,,,,,,
1460,48.715382048715384,,,,,,,,,,,,,,,
1461,48.74874874874875,,,,,,,,,,,,,,,
1462,48.782115448782115,,,,,,,,,,,,,,,
1463,48.815482148815484,,,,,,,,,,,,,,,
1464,48.84884884884885,,,,,,,,,,,,,,,
1465,48.882215548882215,,,,,,,,,,,,,,,
1466,48.915582248915584,,,,,,,,,,,,,,,
1467,48.94894894894895,,,,,,,,,,,,,,,
1468,48.982315648982315,,,,,,,,,,,,,,,
1469,49.015682349015684,,,,,,,,,,,,,,,
1470,49.04904904904905,,,,,,,,,,,,,,,
1471,49.082415749082415,,,,,,,,,,,,,,,
1472,49.115782449115784,,,,,,,,,,,,,,,
1473,49.14914914914915,,,,,,,,,,,,,,,
1474,49.182515849182515,,,,,,,,,,,,,,,
1475,49.215882549215884,,,,,,,,,,,,,,,
1476,49.24924924924925,,,,,,,,,,,,,,,
1477,49.282615949282615,,,,,,,,,,,,,,,
1478,49.315982649315984,,,,,,,,,,,,,,,
1479,49.34934934934935,,,,,,,,,,,,,,,
1480,49.382716049382715,,,,,,,,,,,,,,,
1481,49.416082749416084,,,,,,,,,,,,,,,
1482,49.44944944944945,,,,,,,,,,,,,,,
1483,49.482816149482815,,,,,,,,,,,,,,,
1484,49.516182849516184,,,,,,,,,,,,,,,
1485,49.54954954954955,,,,,,,,,,,,,,,
1486,49.582916249582915,,,,,,,,,,,,,,,
1487,49.616282949616284,,,,,,,,,,,,,,,
1488,49.64964964964965,,,,,,,,,,,,,,,
1489,49.683016349683015,,,,,,,,,,,,,,,
1490,49.716383049716384,,,,,,,,,,,,,,,
1491,49.74974974974975,,,,,,,,,,,,,,,
1492,49.783116449783115,,,,,,,,,,,,,,,
1493,49.816483149816484,,,,,,,,,,,,,,,
1494,49.84984984984985,,,,,,,,,,,,,,,
1495,49.883216549883215,,,,,,,,,,,,,,,
1496,49.916583249916584,,,,,,,,,,,,,,,
1497,49.94994994994995,,,,,,,,,,,,,,,
1498,49.983316649983315,,,,,,,,,,,,,,,
1499,50.016683350016685,,,,,,,,,,,,,,,
